2024-03-06 19:46:26,056.056,__main___datalogs,INFO,program_mode,x_mm,y_mm,z_mm,P_closure_psi,P_jaw1_psi,P_jaw2_psi,P_jaw3_psi,commanded_radius_mm, commanded_P_jaw1_psi, commanded_P_jaw2_psi, commanded_P_jaw3_psi,A,B,X,Y,SL,SR,+,Stick In,Home,R,ZR,Axes 1, Axes 2,move_to_pre_grasp,move_to_grasp,grasp,lift_after_grasp,move_to_pre_release,move_to_release,release,lift_after_release,1,2,3,4,5,6,7,8,9
2024-03-06 19:46:26,930.930,__main___datalogs,INFO,JoyConState.NORMAL,0.000000,0.000000,0.000000,0.050351,0.000000,0.000000,0.000000,0.000000,0.000000,0.000000,0.000000,0,0,0,0,0,0,0,0,0,0,0,0.011932373046875,0.000579833984375,0,0,0,0,0,0,0,0,Object notstarted,Object notstarted,Object notstarted,Object notstarted,Object notstarted,Object notstarted,Object notstarted,Object notstarted,Object notstarted
2024-03-06 19:46:27,219.219,__main___datalogs,INFO,JoyConState.NORMAL,0.000000,0.000000,0.000000,0.041196,0.000000,0.000000,0.000000,0.000000,0.000000,0.000000,0.000000,0,0,0,0,0,0,0,0,0,0,0,0.011932373046875,0.000579833984375,0,0,0,0,0,0,0,0,Object notstarted,Object notstarted,Object notstarted,Object notstarted,Object notstarted,Object notstarted,Object notstarted,Object notstarted,Object notstarted
2024-03-06 19:46:27,457.457,__main___datalogs,INFO,JoyConState.NORMAL,0.000000,0.000000,0.000000,0.048062,-0.006866,-0.004577,0.004577,0.000000,0.000000,0.000000,0.000000,0,0,0,0,0,0,0,0,0,0,0,0.011932373046875,0.000579833984375,0,0,0,0,0,0,0,0,Object notstarted,Object notstarted,Object notstarted,Object notstarted,Object notstarted,Object notstarted,Object notstarted,Object notstarted,Object notstarted
2024-03-06 19:46:27,666.666,__main___datalogs,INFO,JoyConState.NORMAL,0.000000,0.000000,0.000000,0.041196,-0.006866,-0.004577,0.004577,0.000000,0.000000,0.000000,0.000000,0,0,0,0,0,0,0,0,0,0,0,0.011932373046875,0.000579833984375,0,0,0,0,0,0,0,0,Object notstarted,Object notstarted,Object notstarted,Object notstarted,Object notstarted,Object notstarted,Object notstarted,Object notstarted,Object notstarted
2024-03-06 19:46:27,857.857,__main___datalogs,INFO,JoyConState.NORMAL,0.000000,0.000000,0.000000,0.048062,-0.002289,-0.004577,0.000000,0.000000,0.000000,0.000000,0.000000,0,0,0,0,0,0,0,0,0,0,0,0.011932373046875,0.000579833984375,0,0,0,0,0,0,0,0,Object notstarted,Object notstarted,Object notstarted,Object notstarted,Object notstarted,Object notstarted,Object notstarted,Object notstarted,Object notstarted
2024-03-06 19:46:28,034.034,__main___datalogs,INFO,JoyConState.NORMAL,0.000000,0.000000,0.000000,0.048062,-0.006866,0.000000,0.004577,0.000000,0.000000,0.000000,0.000000,0,0,0,0,0,0,0,0,0,0,0,0.011932373046875,0.000579833984375,0,0,0,0,0,0,0,0,Object notstarted,Object notstarted,Object notstarted,Object notstarted,Object notstarted,Object notstarted,Object notstarted,Object notstarted,Object notstarted
2024-03-06 19:46:28,208.208,__main___datalogs,INFO,JoyConState.NORMAL,0.000000,0.000000,0.000000,0.048062,-0.006866,-0.004577,0.004577,0.000000,0.000000,0.000000,0.000000,0,0,0,0,0,0,0,0,0,0,0,0.011932373046875,0.000579833984375,0,0,0,0,0,0,0,0,Object notstarted,Object notstarted,Object notstarted,Object notstarted,Object notstarted,Object notstarted,Object notstarted,Object notstarted,Object notstarted
2024-03-06 19:46:28,370.370,__main___datalogs,INFO,JoyConState.NORMAL,0.000000,0.000000,0.000000,0.041196,-0.002289,-0.004577,0.004577,0.000000,0.000000,0.000000,0.000000,0,0,0,0,0,0,0,0,0,0,0,0.011932373046875,0.000579833984375,0,0,0,0,0,0,0,0,Object notstarted,Object notstarted,Object notstarted,Object notstarted,Object notstarted,Object notstarted,Object notstarted,Object notstarted,Object notstarted
2024-03-06 19:46:28,528.528,__main___datalogs,INFO,JoyConState.NORMAL,0.000000,0.000000,0.000000,0.048062,-0.006866,-0.004577,0.004577,0.000000,0.000000,0.000000,0.000000,0,0,0,0,0,0,0,0,0,0,0,0.011932373046875,0.000579833984375,0,0,0,0,0,0,0,0,Object notstarted,Object notstarted,Object notstarted,Object notstarted,Object notstarted,Object notstarted,Object notstarted,Object notstarted,Object notstarted
2024-03-06 19:46:28,672.672,__main___datalogs,INFO,JoyConState.NORMAL,0.000000,0.000000,0.000000,0.048062,-0.002289,-0.004577,0.004577,0.000000,0.000000,0.000000,0.000000,0,0,0,0,0,0,0,0,0,0,0,0.011932373046875,0.000579833984375,0,0,0,0,0,0,0,0,Object notstarted,Object notstarted,Object notstarted,Object notstarted,Object notstarted,Object notstarted,Object notstarted,Object notstarted,Object notstarted
2024-03-06 19:46:28,815.815,__main___datalogs,INFO,JoyConState.NORMAL,0.000000,0.000000,0.000000,0.048062,0.000000,-0.004577,0.004577,0.000000,0.000000,0.000000,0.000000,0,0,0,0,0,0,0,0,0,0,0,0.011932373046875,0.000579833984375,0,0,0,0,0,0,0,0,Object notstarted,Object notstarted,Object notstarted,Object notstarted,Object notstarted,Object notstarted,Object notstarted,Object notstarted,Object notstarted
2024-03-06 19:46:28,961.961,__main___datalogs,INFO,JoyConState.NORMAL,0.000000,0.000000,0.000000,0.041196,0.000000,-0.004577,0.004577,0.000000,0.000000,0.000000,0.000000,0,0,0,0,0,0,0,0,0,0,0,0.011932373046875,0.000579833984375,0,0,0,0,0,0,0,0,Object notstarted,Object notstarted,Object notstarted,Object notstarted,Object notstarted,Object notstarted,Object notstarted,Object notstarted,Object notstarted
2024-03-06 19:46:29,104.104,__main___datalogs,INFO,JoyConState.NORMAL,0.000000,0.000000,0.000000,0.050351,0.000000,0.000000,0.004577,0.000000,0.000000,0.000000,0.000000,0,0,0,0,0,0,0,0,0,0,0,0.011932373046875,0.000579833984375,0,0,0,0,0,0,0,0,Object notstarted,Object notstarted,Object notstarted,Object notstarted,Object notstarted,Object notstarted,Object notstarted,Object notstarted,Object notstarted
2024-03-06 19:46:29,248.248,__main___datalogs,INFO,JoyConState.NORMAL,0.000000,0.000000,0.000000,0.048062,-0.002289,-0.004577,0.000000,0.000000,0.000000,0.000000,0.000000,0,0,0,0,0,0,0,0,0,0,0,0.011932373046875,0.000579833984375,0,0,0,0,0,0,0,0,Object notstarted,Object notstarted,Object notstarted,Object notstarted,Object notstarted,Object notstarted,Object notstarted,Object notstarted,Object notstarted
2024-03-06 19:46:29,391.391,__main___datalogs,INFO,JoyConState.NORMAL,0.000000,0.000000,0.000000,0.041196,0.000000,-0.004577,0.000000,0.000000,0.000000,0.000000,0.000000,0,0,0,0,0,0,0,0,0,0,0,0.011932373046875,0.000579833984375,0,0,0,0,0,0,0,0,Object notstarted,Object notstarted,Object notstarted,Object notstarted,Object notstarted,Object notstarted,Object notstarted,Object notstarted,Object notstarted
2024-03-06 19:46:29,536.536,__main___datalogs,INFO,JoyConState.NORMAL,0.000000,0.000000,0.000000,0.041196,-0.006866,-0.004577,0.000000,0.000000,0.000000,0.000000,0.000000,0,0,0,0,0,0,0,0,0,0,0,0.011932373046875,0.000579833984375,0,0,0,0,0,0,0,0,Object notstarted,Object notstarted,Object notstarted,Object notstarted,Object notstarted,Object notstarted,Object notstarted,Object notstarted,Object notstarted
2024-03-06 19:46:29,678.678,__main___datalogs,INFO,JoyConState.NORMAL,0.000000,0.000000,0.000000,0.048062,-0.002289,-0.004577,0.004577,0.000000,0.000000,0.000000,0.000000,0,0,0,0,0,0,0,0,0,0,0,0.011932373046875,0.000579833984375,0,0,0,0,0,0,0,0,Object notstarted,Object notstarted,Object notstarted,Object notstarted,Object notstarted,Object notstarted,Object notstarted,Object notstarted,Object notstarted
2024-03-06 19:46:29,823.823,__main___datalogs,INFO,JoyConState.NORMAL,0.000000,0.000000,0.000000,0.048062,-0.002289,-0.004577,0.004577,0.000000,0.000000,0.000000,0.000000,0,0,0,0,0,0,0,0,0,0,0,0.011932373046875,0.000579833984375,0,0,0,0,0,0,0,0,Object notstarted,Object notstarted,Object notstarted,Object notstarted,Object notstarted,Object notstarted,Object notstarted,Object notstarted,Object notstarted
2024-03-06 19:46:29,966.966,__main___datalogs,INFO,JoyConState.NORMAL,0.000000,0.000000,0.000000,0.041196,-0.006866,-0.004577,0.004577,0.000000,0.000000,0.000000,0.000000,0,0,0,0,0,0,0,0,0,0,0,0.011932373046875,0.000579833984375,0,0,0,0,0,0,0,0,Object notstarted,Object notstarted,Object notstarted,Object notstarted,Object notstarted,Object notstarted,Object notstarted,Object notstarted,Object notstarted
2024-03-06 19:46:30,111.111,__main___datalogs,INFO,JoyConState.NORMAL,0.000000,0.000000,0.000000,0.041196,-0.002289,0.000000,0.000000,0.000000,0.000000,0.000000,0.000000,0,0,0,0,0,0,0,0,0,0,0,0.011932373046875,0.000579833984375,0,0,0,0,0,0,0,0,Object notstarted,Object notstarted,Object notstarted,Object notstarted,Object notstarted,Object notstarted,Object notstarted,Object notstarted,Object notstarted
2024-03-06 19:46:30,253.253,__main___datalogs,INFO,JoyConState.NORMAL,0.000000,0.000000,0.000000,0.048062,-0.006866,-0.004577,0.004577,0.000000,0.000000,0.000000,0.000000,0,0,0,0,0,0,0,0,0,0,0,0.011932373046875,0.000579833984375,0,0,0,0,0,0,0,0,Object notstarted,Object notstarted,Object notstarted,Object notstarted,Object notstarted,Object notstarted,Object notstarted,Object notstarted,Object notstarted
2024-03-06 19:46:30,400.400,__main___datalogs,INFO,JoyConState.PREP_SNS,0.000000,0.000000,0.000000,0.048062,-0.002289,0.000000,0.004577,0.000000,0.000000,0.000000,0.000000,0,0,0,0,0,0,0,0,0,0,0,0.011932373046875,0.000579833984375,0,0,0,0,0,0,0,0,Object notstarted,Object notstarted,Object notstarted,Object notstarted,Object notstarted,Object notstarted,Object notstarted,Object notstarted,Object notstarted
2024-03-06 19:46:30,524.524,__main___datalogs,INFO,JoyConState.PREP_SNS,0.000000,0.000000,0.000000,0.041196,-0.002289,-0.004577,0.000000,0.000000,0.000000,0.000000,0.000000,0,0,0,0,0,0,0,0,0,0,0,0.011932373046875,0.000579833984375,0,0,0,0,0,0,0,0,Object notstarted,Object notstarted,Object notstarted,Object notstarted,Object notstarted,Object notstarted,Object notstarted,Object notstarted,Object notstarted
2024-03-06 19:46:30,656.656,__main___datalogs,INFO,JoyConState.PREP_SNS,0.000000,0.000000,0.000000,0.048062,-0.002289,-0.004577,0.004577,0.000000,0.000000,0.000000,0.000000,0,0,0,0,0,0,0,0,0,0,0,0.011932373046875,0.000579833984375,0,0,0,0,0,0,0,0,Object notstarted,Object notstarted,Object notstarted,Object notstarted,Object notstarted,Object notstarted,Object notstarted,Object notstarted,Object notstarted
2024-03-06 19:46:30,776.776,__main___datalogs,INFO,JoyConState.PREP_SNS,0.000000,0.000000,0.000000,0.048062,-0.006866,-0.004577,0.004577,0.000000,0.000000,0.000000,0.000000,0,0,0,0,0,0,0,0,0,0,0,0.011932373046875,0.000579833984375,0,0,0,0,0,0,0,0,Object notstarted,Object notstarted,Object notstarted,Object notstarted,Object notstarted,Object notstarted,Object notstarted,Object notstarted,Object notstarted
2024-03-06 19:46:30,900.900,__main___datalogs,INFO,JoyConState.PREP_SNS,0.000000,0.000000,0.000000,0.048062,0.000000,-0.004577,0.004577,0.000000,0.000000,0.000000,0.000000,0,0,0,0,0,0,0,0,0,0,0,0.011932373046875,0.000579833984375,0,0,0,0,0,0,0,0,Object notstarted,Object notstarted,Object notstarted,Object notstarted,Object notstarted,Object notstarted,Object notstarted,Object notstarted,Object notstarted
2024-03-06 19:46:31,001.001,__main___datalogs,INFO,JoyConState.PREP_SNS,0.000000,0.000000,0.000000,0.041196,-0.006866,-0.004577,0.004577,0.000000,0.000000,0.000000,0.000000,0,0,0,0,0,0,0,0,0,0,0,0.011932373046875,0.000579833984375,0,0,0,0,0,0,0,0,Object notstarted,Object notstarted,Object notstarted,Object notstarted,Object notstarted,Object notstarted,Object notstarted,Object notstarted,Object notstarted
2024-03-06 19:46:31,112.112,__main___datalogs,INFO,JoyConState.PREP_SNS,0.000000,0.000000,0.000000,0.050351,-0.002289,-0.006866,0.000000,0.000000,0.000000,0.000000,0.000000,0,0,0,0,0,0,0,0,0,0,0,0.011932373046875,0.000579833984375,0,0,0,0,0,0,0,0,Object notstarted,Object notstarted,Object notstarted,Object notstarted,Object notstarted,Object notstarted,Object notstarted,Object notstarted,Object notstarted
2024-03-06 19:46:31,226.226,__main___datalogs,INFO,JoyConState.PREP_SNS,0.000000,0.000000,0.000000,0.048062,-0.002289,-0.004577,0.004577,0.000000,0.000000,0.000000,0.000000,0,0,0,0,0,0,0,0,0,0,0,0.011932373046875,0.000579833984375,0,0,0,0,0,0,0,0,Object notstarted,Object notstarted,Object notstarted,Object notstarted,Object notstarted,Object notstarted,Object notstarted,Object notstarted,Object notstarted
2024-03-06 19:46:31,334.334,__main___datalogs,INFO,JoyConState.PREP_SNS,0.000000,0.000000,0.000000,0.048062,-0.002289,-0.004577,0.004577,0.000000,0.000000,0.000000,0.000000,0,0,0,0,0,0,0,0,0,0,0,0.011932373046875,0.000579833984375,0,0,0,0,0,0,0,0,Object notstarted,Object notstarted,Object notstarted,Object notstarted,Object notstarted,Object notstarted,Object notstarted,Object notstarted,Object notstarted
2024-03-06 19:46:31,446.446,__main___datalogs,INFO,JoyConState.PREP_SNS,0.000000,0.000000,0.000000,0.048062,0.000000,-0.004577,0.004577,0.000000,0.000000,0.000000,0.000000,0,0,0,0,0,0,0,0,0,0,0,0.011932373046875,0.000579833984375,0,0,0,0,0,0,0,0,Object notstarted,Object notstarted,Object notstarted,Object notstarted,Object notstarted,Object notstarted,Object notstarted,Object notstarted,Object notstarted
2024-03-06 19:46:31,554.554,__main___datalogs,INFO,JoyConState.PREP_SNS,0.000000,0.000000,0.000000,0.048062,-0.002289,-0.004577,0.004577,0.000000,0.000000,0.000000,0.000000,0,0,0,0,0,0,0,0,0,0,0,0.011932373046875,0.000579833984375,0,0,0,0,0,0,0,0,Object notstarted,Object notstarted,Object notstarted,Object notstarted,Object notstarted,Object notstarted,Object notstarted,Object notstarted,Object notstarted
2024-03-06 19:46:31,672.672,__main___datalogs,INFO,JoyConState.PREP_SNS,0.000000,0.000000,0.000000,0.041196,-0.002289,-0.004577,0.000000,0.000000,0.000000,0.000000,0.000000,0,0,0,0,0,0,0,0,0,0,0,0.011932373046875,0.000579833984375,0,0,0,0,0,0,0,0,Object notstarted,Object notstarted,Object notstarted,Object notstarted,Object notstarted,Object notstarted,Object notstarted,Object notstarted,Object notstarted
2024-03-06 19:46:31,781.781,__main___datalogs,INFO,JoyConState.PREP_SNS,0.000000,0.000000,0.000000,0.041196,-0.006866,-0.004577,0.000000,0.000000,0.000000,0.000000,0.000000,0,0,0,0,0,0,0,0,0,0,0,0.011932373046875,0.000579833984375,0,0,0,0,0,0,0,0,Object notstarted,Object notstarted,Object notstarted,Object notstarted,Object notstarted,Object notstarted,Object notstarted,Object notstarted,Object notstarted
2024-03-06 19:46:31,894.894,__main___datalogs,INFO,JoyConState.PREP_SNS,0.000000,0.000000,0.000000,0.041196,-0.006866,-0.004577,0.000000,0.000000,0.000000,0.000000,0.000000,0,0,0,0,0,0,0,0,0,0,0,0.011932373046875,0.000579833984375,0,0,0,0,0,0,0,0,Object notstarted,Object notstarted,Object notstarted,Object notstarted,Object notstarted,Object notstarted,Object notstarted,Object notstarted,Object notstarted
2024-03-06 19:46:45,926.926,__main___datalogs,INFO,JoyConState.PREP_SNS,0.000000,0.000000,0.000000,0.048062,-0.006866,-0.004577,0.000000,0.000000,0.000000,0.000000,0.000000,0,0,0,0,0,0,0,0,0,0,0,0.011932373046875,0.000579833984375,0,0,0,0,0,0,0,0,Object notstarted,Object notstarted,Object notstarted,Object notstarted,Object notstarted,Object notstarted,Object notstarted,Object notstarted,Object notstarted
2024-03-06 19:46:46,286.286,__main___datalogs,INFO,JoyConState.PREP_SNS,0.000000,0.000000,0.000000,0.041196,-0.002289,-0.004577,0.000000,0.000000,0.000000,0.000000,0.000000,0,0,0,0,0,0,0,0,0,0,0,0.011932373046875,0.000579833984375,0,0,0,0,0,0,0,0,Object notstarted,Object notstarted,Object notstarted,Object notstarted,Object notstarted,Object notstarted,Object notstarted,Object notstarted,Object notstarted
2024-03-06 19:46:46,587.587,__main___datalogs,INFO,JoyConState.PREP_SNS,0.000000,0.000000,0.000000,0.041196,-0.006866,-0.006866,0.000000,0.000000,0.000000,0.000000,0.000000,0,0,0,0,0,0,0,0,0,0,0,0.011932373046875,0.000579833984375,0,0,0,0,0,0,0,0,Object notstarted,Object notstarted,Object notstarted,Object notstarted,Object notstarted,Object notstarted,Object notstarted,Object notstarted,Object notstarted
2024-03-06 19:46:46,823.823,__main___datalogs,INFO,JoyConState.PREP_SNS,0.000000,0.000000,0.000000,0.041196,-0.002289,-0.004577,0.000000,0.000000,0.000000,0.000000,0.000000,0,0,0,0,0,0,0,0,0,0,0,0.011932373046875,0.000579833984375,0,0,0,0,0,0,0,0,Object notstarted,Object notstarted,Object notstarted,Object notstarted,Object notstarted,Object notstarted,Object notstarted,Object notstarted,Object notstarted
2024-03-06 19:46:47,029.029,__main___datalogs,INFO,JoyConState.PREP_SNS,0.000000,0.000000,0.000000,0.041196,-0.006866,-0.004577,0.000000,0.000000,0.000000,0.000000,0.000000,0,0,0,0,0,0,0,0,0,0,0,0.011932373046875,0.000579833984375,0,0,0,0,0,0,0,0,Object notstarted,Object notstarted,Object notstarted,Object notstarted,Object notstarted,Object notstarted,Object notstarted,Object notstarted,Object notstarted
2024-03-06 19:46:47,212.212,__main___datalogs,INFO,JoyConState.PREP_SNS,0.000000,0.000000,0.000000,0.041196,-0.006866,-0.004577,0.000000,0.000000,0.000000,0.000000,0.000000,0,0,0,0,0,0,0,0,0,0,0,0.011932373046875,0.000579833984375,0,0,0,0,0,0,0,0,Object notstarted,Object notstarted,Object notstarted,Object notstarted,Object notstarted,Object notstarted,Object notstarted,Object notstarted,Object notstarted
2024-03-06 19:46:47,364.364,__main___datalogs,INFO,JoyConState.PREP_SNS,0.000000,0.000000,0.000000,0.048062,-0.002289,-0.004577,0.004577,0.000000,0.000000,0.000000,0.000000,0,0,0,0,0,0,0,0,0,0,0,0.011932373046875,0.000579833984375,0,0,0,0,0,0,0,0,Object notstarted,Object notstarted,Object notstarted,Object notstarted,Object notstarted,Object notstarted,Object notstarted,Object notstarted,Object notstarted
2024-03-06 19:46:47,516.516,__main___datalogs,INFO,JoyConState.PREP_SNS,0.000000,0.000000,0.000000,0.048062,-0.006866,0.000000,0.004577,0.000000,0.000000,0.000000,0.000000,0,0,0,0,0,0,0,0,0,0,0,0.011932373046875,0.000579833984375,0,0,0,0,0,0,0,0,Object notstarted,Object notstarted,Object notstarted,Object notstarted,Object notstarted,Object notstarted,Object notstarted,Object notstarted,Object notstarted
2024-03-06 19:46:47,645.645,__main___datalogs,INFO,JoyConState.PREP_SNS,0.000000,0.000000,0.000000,0.041196,-0.006866,-0.006866,0.004577,0.000000,0.000000,0.000000,0.000000,0,0,0,0,0,0,0,0,0,0,0,0.011932373046875,0.000579833984375,0,0,0,0,0,0,0,0,Object notstarted,Object notstarted,Object notstarted,Object notstarted,Object notstarted,Object notstarted,Object notstarted,Object notstarted,Object notstarted
2024-03-06 19:46:47,767.767,__main___datalogs,INFO,JoyConState.PREP_SNS,0.000000,0.000000,0.000000,0.041196,-0.002289,-0.004577,0.000000,0.000000,0.000000,0.000000,0.000000,0,0,0,0,0,0,0,0,0,0,0,0.011932373046875,0.000579833984375,0,0,0,0,0,0,0,0,Object notstarted,Object notstarted,Object notstarted,Object notstarted,Object notstarted,Object notstarted,Object notstarted,Object notstarted,Object notstarted
2024-03-06 19:46:47,884.884,__main___datalogs,INFO,JoyConState.PREP_SNS,0.000000,0.000000,0.000000,0.041196,-0.002289,0.000000,0.000000,0.000000,0.000000,0.000000,0.000000,0,0,0,0,0,0,0,0,0,0,0,0.011932373046875,0.000579833984375,0,0,0,0,0,0,0,0,Object notstarted,Object notstarted,Object notstarted,Object notstarted,Object notstarted,Object notstarted,Object notstarted,Object notstarted,Object notstarted
2024-03-06 19:46:47,989.989,__main___datalogs,INFO,JoyConState.PREP_SNS,0.000000,0.000000,0.000000,0.050351,-0.002289,0.000000,0.004577,0.000000,0.000000,0.000000,0.000000,0,0,0,0,0,0,0,0,0,0,0,0.011932373046875,0.000579833984375,0,0,0,0,0,0,0,0,Object notstarted,Object notstarted,Object notstarted,Object notstarted,Object notstarted,Object notstarted,Object notstarted,Object notstarted,Object notstarted
2024-03-06 19:46:48,102.102,__main___datalogs,INFO,JoyConState.PREP_SNS,0.000000,0.000000,0.000000,0.041196,-0.006866,-0.004577,0.000000,0.000000,0.000000,0.000000,0.000000,0,0,0,0,0,0,0,0,0,0,0,0.011932373046875,0.000579833984375,0,0,0,0,0,0,0,0,Object notstarted,Object notstarted,Object notstarted,Object notstarted,Object notstarted,Object notstarted,Object notstarted,Object notstarted,Object notstarted
2024-03-06 19:46:48,218.218,__main___datalogs,INFO,JoyConState.PREP_SNS,0.000000,0.000000,0.000000,0.048062,-0.002289,-0.004577,0.000000,0.000000,0.000000,0.000000,0.000000,0,0,0,0,0,0,0,0,0,0,0,0.011932373046875,0.000579833984375,0,0,0,0,0,0,0,0,Object notstarted,Object notstarted,Object notstarted,Object notstarted,Object notstarted,Object notstarted,Object notstarted,Object notstarted,Object notstarted
2024-03-06 19:46:48,326.326,__main___datalogs,INFO,JoyConState.PREP_SNS,0.000000,0.000000,0.000000,0.050351,-0.002289,-0.004577,0.004577,0.000000,0.000000,0.000000,0.000000,0,0,0,0,0,0,0,0,0,0,0,0.011932373046875,0.000579833984375,0,0,0,0,0,0,0,0,Object notstarted,Object notstarted,Object notstarted,Object notstarted,Object notstarted,Object notstarted,Object notstarted,Object notstarted,Object notstarted
2024-03-06 19:46:48,438.438,__main___datalogs,INFO,JoyConState.PREP_SNS,0.000000,0.000000,0.000000,0.041196,-0.002289,0.000000,0.000000,0.000000,0.000000,0.000000,0.000000,0,0,0,0,0,0,0,0,0,0,0,0.011932373046875,0.000579833984375,0,0,0,0,0,0,0,0,Object notstarted,Object notstarted,Object notstarted,Object notstarted,Object notstarted,Object notstarted,Object notstarted,Object notstarted,Object notstarted
2024-03-06 19:46:48,548.548,__main___datalogs,INFO,JoyConState.PREP_SNS,0.000000,0.000000,0.000000,0.050351,-0.002289,-0.004577,0.000000,0.000000,0.000000,0.000000,0.000000,0,0,0,0,0,0,0,0,0,0,0,0.011932373046875,0.000579833984375,0,0,0,0,0,0,0,0,Object notstarted,Object notstarted,Object notstarted,Object notstarted,Object notstarted,Object notstarted,Object notstarted,Object notstarted,Object notstarted
2024-03-06 19:46:48,664.664,__main___datalogs,INFO,JoyConState.PREP_SNS,0.000000,0.000000,0.000000,0.041196,-0.006866,-0.004577,0.004577,0.000000,0.000000,0.000000,0.000000,0,0,0,0,0,0,0,0,0,0,0,0.011932373046875,0.000579833984375,0,0,0,0,0,0,0,0,Object notstarted,Object notstarted,Object notstarted,Object notstarted,Object notstarted,Object notstarted,Object notstarted,Object notstarted,Object notstarted
2024-03-06 19:46:48,772.772,__main___datalogs,INFO,JoyConState.PREP_SNS,0.000000,0.000000,0.000000,0.041196,-0.002289,-0.004577,0.004577,0.000000,0.000000,0.000000,0.000000,0,0,0,0,0,0,0,0,0,0,0,0.011932373046875,0.000579833984375,0,0,0,0,0,0,0,0,Object notstarted,Object notstarted,Object notstarted,Object notstarted,Object notstarted,Object notstarted,Object notstarted,Object notstarted,Object notstarted
2024-03-06 19:46:48,889.889,__main___datalogs,INFO,JoyConState.PREP_SNS,0.000000,0.000000,0.000000,0.041196,-0.011443,0.000000,0.004577,0.000000,0.000000,0.000000,0.000000,0,0,0,0,0,0,0,0,0,0,0,0.011932373046875,0.000579833984375,0,0,0,0,0,0,0,0,Object notstarted,Object notstarted,Object notstarted,Object notstarted,Object notstarted,Object notstarted,Object notstarted,Object notstarted,Object notstarted
2024-03-06 19:46:48,991.991,__main___datalogs,INFO,JoyConState.PREP_SNS,0.000000,0.000000,0.000000,0.048062,-0.002289,-0.004577,0.004577,0.000000,0.000000,0.000000,0.000000,0,0,0,0,0,0,0,0,0,0,0,0.011932373046875,0.000579833984375,0,0,0,0,0,0,0,0,Object notstarted,Object notstarted,Object notstarted,Object notstarted,Object notstarted,Object notstarted,Object notstarted,Object notstarted,Object notstarted
2024-03-06 19:46:49,108.108,__main___datalogs,INFO,JoyConState.PREP_SNS,0.000000,0.000000,0.000000,0.041196,0.000000,0.000000,0.000000,0.000000,0.000000,0.000000,0.000000,0,0,0,0,0,0,0,0,0,0,0,0.011932373046875,0.000579833984375,0,0,0,0,0,0,0,0,Object notstarted,Object notstarted,Object notstarted,Object notstarted,Object notstarted,Object notstarted,Object notstarted,Object notstarted,Object notstarted
2024-03-06 19:46:49,218.218,__main___datalogs,INFO,JoyConState.PREP_SNS,0.000000,0.000000,0.000000,0.048062,-0.002289,0.000000,0.000000,0.000000,0.000000,0.000000,0.000000,0,0,0,0,0,0,0,0,0,0,0,0.011932373046875,0.000579833984375,0,0,0,0,0,0,0,0,Object notstarted,Object notstarted,Object notstarted,Object notstarted,Object notstarted,Object notstarted,Object notstarted,Object notstarted,Object notstarted
2024-03-06 19:46:49,337.337,__main___datalogs,INFO,JoyConState.PREP_SNS,0.000000,0.000000,0.000000,0.048062,-0.002289,-0.004577,0.004577,0.000000,0.000000,0.000000,0.000000,0,0,0,0,0,0,0,0,0,0,0,0.011932373046875,0.000579833984375,0,0,0,0,0,0,0,0,Object notstarted,Object notstarted,Object notstarted,Object notstarted,Object notstarted,Object notstarted,Object notstarted,Object notstarted,Object notstarted
2024-03-06 19:46:49,441.441,__main___datalogs,INFO,JoyConState.PREP_SNS,0.000000,0.000000,0.000000,0.041196,-0.002289,-0.004577,0.000000,0.000000,0.000000,0.000000,0.000000,0,0,0,0,0,0,0,0,0,0,0,0.011932373046875,0.000579833984375,0,0,0,0,0,0,0,0,Object notstarted,Object notstarted,Object notstarted,Object notstarted,Object notstarted,Object notstarted,Object notstarted,Object notstarted,Object notstarted
2024-03-06 19:46:49,559.559,__main___datalogs,INFO,JoyConState.PREP_SNS,0.000000,0.000000,0.000000,0.041196,-0.002289,-0.004577,0.004577,0.000000,0.000000,0.000000,0.000000,0,0,0,0,0,0,0,0,0,0,0,0.011932373046875,0.000579833984375,0,0,0,0,0,0,0,0,Object notstarted,Object notstarted,Object notstarted,Object notstarted,Object notstarted,Object notstarted,Object notstarted,Object notstarted,Object notstarted
2024-03-06 19:46:49,664.664,__main___datalogs,INFO,JoyConState.PREP_SNS,0.000000,0.000000,0.000000,0.048062,-0.011443,-0.006866,0.004577,0.000000,0.000000,0.000000,0.000000,0,0,0,0,0,0,0,0,0,0,0,0.011932373046875,0.000579833984375,0,0,0,0,0,0,0,0,Object notstarted,Object notstarted,Object notstarted,Object notstarted,Object notstarted,Object notstarted,Object notstarted,Object notstarted,Object notstarted
2024-03-06 19:46:49,781.781,__main___datalogs,INFO,JoyConState.PREP_SNS,0.000000,0.000000,0.000000,0.048062,-0.006866,-0.004577,0.000000,0.000000,0.000000,0.000000,0.000000,0,0,0,0,0,0,0,0,0,0,0,0.011932373046875,0.000579833984375,0,0,0,0,0,0,0,0,Object notstarted,Object notstarted,Object notstarted,Object notstarted,Object notstarted,Object notstarted,Object notstarted,Object notstarted,Object notstarted
2024-03-06 19:46:49,886.886,__main___datalogs,INFO,JoyConState.PREP_SNS,0.000000,0.000000,0.000000,0.048062,0.000000,0.000000,0.000000,0.000000,0.000000,0.000000,0.000000,0,0,0,0,0,0,0,0,0,0,0,0.011932373046875,0.000579833984375,0,0,0,0,0,0,0,0,Object notstarted,Object notstarted,Object notstarted,Object notstarted,Object notstarted,Object notstarted,Object notstarted,Object notstarted,Object notstarted
2024-03-06 19:46:50,001.001,__main___datalogs,INFO,JoyConState.PREP_SNS,0.000000,0.000000,0.000000,0.048062,0.000000,0.000000,0.000000,0.000000,0.000000,0.000000,0.000000,0,0,0,0,0,0,0,0,0,0,0,0.011932373046875,0.000579833984375,0,0,0,0,0,0,0,0,Object notstarted,Object notstarted,Object notstarted,Object notstarted,Object notstarted,Object notstarted,Object notstarted,Object notstarted,Object notstarted
2024-03-06 19:46:50,113.113,__main___datalogs,INFO,JoyConState.PREP_SNS,0.000000,0.000000,0.000000,0.041196,0.000000,-0.006866,0.000000,0.000000,0.000000,0.000000,0.000000,0,0,0,0,0,0,0,0,0,0,0,0.011932373046875,0.000579833984375,0,0,0,0,0,0,0,0,Object notstarted,Object notstarted,Object notstarted,Object notstarted,Object notstarted,Object notstarted,Object notstarted,Object notstarted,Object notstarted
2024-03-06 19:46:50,226.226,__main___datalogs,INFO,JoyConState.PREP_SNS,0.000000,0.000000,0.000000,0.048062,-0.006866,-0.006866,0.004577,0.000000,0.000000,0.000000,0.000000,0,0,0,0,0,0,0,0,0,0,0,0.011932373046875,0.000579833984375,0,0,0,0,0,0,0,0,Object notstarted,Object notstarted,Object notstarted,Object notstarted,Object notstarted,Object notstarted,Object notstarted,Object notstarted,Object notstarted
2024-03-06 19:46:50,336.336,__main___datalogs,INFO,JoyConState.PREP_SNS,0.000000,0.000000,0.000000,0.041196,-0.006866,0.000000,0.004577,0.000000,0.000000,0.000000,0.000000,0,0,0,0,0,0,0,0,0,0,0,0.011932373046875,0.000579833984375,0,0,0,0,0,0,0,0,Object notstarted,Object notstarted,Object notstarted,Object notstarted,Object notstarted,Object notstarted,Object notstarted,Object notstarted,Object notstarted
2024-03-06 19:46:50,450.450,__main___datalogs,INFO,JoyConState.PREP_SNS,0.000000,0.000000,0.000000,0.041196,-0.002289,-0.004577,0.000000,0.000000,0.000000,0.000000,0.000000,0,0,0,0,0,0,0,0,0,0,0,0.011932373046875,0.000579833984375,0,0,0,0,0,0,0,0,Object notstarted,Object notstarted,Object notstarted,Object notstarted,Object notstarted,Object notstarted,Object notstarted,Object notstarted,Object notstarted
2024-03-06 19:46:50,557.557,__main___datalogs,INFO,JoyConState.PREP_SNS,0.000000,0.000000,0.000000,0.041196,-0.006866,-0.004577,0.000000,0.000000,0.000000,0.000000,0.000000,0,0,0,0,0,0,0,0,0,0,0,0.011932373046875,0.000579833984375,0,0,0,0,0,0,0,0,Object notstarted,Object notstarted,Object notstarted,Object notstarted,Object notstarted,Object notstarted,Object notstarted,Object notstarted,Object notstarted
2024-03-06 19:46:50,674.674,__main___datalogs,INFO,JoyConState.PREP_SNS,0.000000,0.000000,0.000000,0.048062,0.000000,0.000000,0.000000,0.000000,0.000000,0.000000,0.000000,0,0,0,0,0,0,0,0,0,0,0,0.011932373046875,0.000579833984375,0,0,0,0,0,0,0,0,Object notstarted,Object notstarted,Object notstarted,Object notstarted,Object notstarted,Object notstarted,Object notstarted,Object notstarted,Object notstarted
2024-03-06 19:46:50,804.804,__main___datalogs,INFO,JoyConState.PREP_SNS,0.000000,0.000000,0.000000,0.041196,-0.002289,-0.004577,0.000000,0.000000,0.000000,0.000000,0.000000,0,0,0,0,0,0,0,0,0,0,0,0.011932373046875,0.000579833984375,0,0,0,0,0,0,0,0,Object notstarted,Object notstarted,Object notstarted,Object notstarted,Object notstarted,Object notstarted,Object notstarted,Object notstarted,Object notstarted
2024-03-06 19:46:50,941.941,__main___datalogs,INFO,JoyConState.PREP_SNS,0.000000,0.000000,0.000000,0.041196,-0.002289,-0.004577,0.000000,0.000000,0.000000,0.000000,0.000000,0,0,0,0,0,0,0,0,0,0,0,0.011932373046875,0.000579833984375,0,0,0,0,0,0,0,0,Object notstarted,Object notstarted,Object notstarted,Object notstarted,Object notstarted,Object notstarted,Object notstarted,Object notstarted,Object notstarted
2024-03-06 19:46:51,073.073,__main___datalogs,INFO,JoyConState.PREP_SNS,0.000000,0.000000,0.000000,0.041196,-0.002289,0.000000,-0.004577,0.000000,0.000000,0.000000,0.000000,0,0,0,0,0,0,0,0,0,0,0,0.011932373046875,0.000579833984375,0,0,0,0,0,0,0,0,Object notstarted,Object notstarted,Object notstarted,Object notstarted,Object notstarted,Object notstarted,Object notstarted,Object notstarted,Object notstarted
2024-03-06 19:46:51,197.197,__main___datalogs,INFO,JoyConState.PREP_SNS,0.000000,0.000000,0.000000,0.048062,-0.002289,-0.004577,0.000000,0.000000,0.000000,0.000000,0.000000,0,0,0,0,0,0,0,0,0,0,0,0.011932373046875,0.000579833984375,0,0,0,0,0,0,0,0,Object notstarted,Object notstarted,Object notstarted,Object notstarted,Object notstarted,Object notstarted,Object notstarted,Object notstarted,Object notstarted
2024-03-06 19:46:51,320.320,__main___datalogs,INFO,JoyConState.PREP_SNS,0.000000,0.000000,0.000000,0.041196,-0.002289,-0.006866,0.004577,0.000000,0.000000,0.000000,0.000000,0,0,0,0,0,0,0,0,0,0,0,0.011932373046875,0.000579833984375,0,0,0,0,0,0,0,0,Object notstarted,Object notstarted,Object notstarted,Object notstarted,Object notstarted,Object notstarted,Object notstarted,Object notstarted,Object notstarted
2024-03-06 19:46:51,426.426,__main___datalogs,INFO,JoyConState.PREP_SNS,0.000000,0.000000,0.000000,0.041196,-0.006866,0.000000,0.000000,0.000000,0.000000,0.000000,0.000000,0,0,0,0,0,0,0,0,0,0,0,0.011932373046875,0.000579833984375,0,0,0,0,0,0,0,0,Object notstarted,Object notstarted,Object notstarted,Object notstarted,Object notstarted,Object notstarted,Object notstarted,Object notstarted,Object notstarted
2024-03-06 19:46:51,533.533,__main___datalogs,INFO,JoyConState.PREP_SNS,0.000000,0.000000,0.000000,0.041196,-0.006866,-0.004577,0.000000,0.000000,0.000000,0.000000,0.000000,0,0,0,0,0,0,0,0,0,0,0,0.011932373046875,0.000579833984375,0,0,0,0,0,0,0,0,Object notstarted,Object notstarted,Object notstarted,Object notstarted,Object notstarted,Object notstarted,Object notstarted,Object notstarted,Object notstarted
2024-03-06 19:46:51,652.652,__main___datalogs,INFO,JoyConState.PREP_SNS,0.000000,0.000000,0.000000,0.041196,-0.006866,0.000000,0.004577,0.000000,0.000000,0.000000,0.000000,0,0,0,0,0,0,0,0,0,0,0,0.011932373046875,0.000579833984375,0,0,0,0,0,0,0,0,Object notstarted,Object notstarted,Object notstarted,Object notstarted,Object notstarted,Object notstarted,Object notstarted,Object notstarted,Object notstarted
2024-03-06 19:46:51,756.756,__main___datalogs,INFO,JoyConState.PREP_SNS,0.000000,0.000000,0.000000,0.041196,0.000000,0.000000,0.004577,0.000000,0.000000,0.000000,0.000000,0,0,0,0,0,0,0,0,0,0,0,0.011932373046875,0.000579833984375,0,0,0,0,0,0,0,0,Object notstarted,Object notstarted,Object notstarted,Object notstarted,Object notstarted,Object notstarted,Object notstarted,Object notstarted,Object notstarted
2024-03-06 19:46:51,875.875,__main___datalogs,INFO,JoyConState.PREP_SNS,0.000000,0.000000,0.000000,0.048062,0.000000,-0.004577,0.004577,0.000000,0.000000,0.000000,0.000000,0,0,0,0,0,0,0,0,0,0,0,0.011932373046875,0.000579833984375,0,0,0,0,0,0,0,0,Object notstarted,Object notstarted,Object notstarted,Object notstarted,Object notstarted,Object notstarted,Object notstarted,Object notstarted,Object notstarted
2024-03-06 19:46:51,980.980,__main___datalogs,INFO,JoyConState.PREP_SNS,0.000000,0.000000,0.000000,0.050351,-0.002289,-0.004577,0.000000,0.000000,0.000000,0.000000,0.000000,0,0,0,0,0,0,0,0,0,0,0,0.011932373046875,0.000579833984375,0,0,0,0,0,0,0,0,Object notstarted,Object notstarted,Object notstarted,Object notstarted,Object notstarted,Object notstarted,Object notstarted,Object notstarted,Object notstarted
2024-03-06 19:46:52,092.092,__main___datalogs,INFO,JoyConState.PREP_SNS,0.000000,0.000000,0.000000,0.048062,-0.002289,0.000000,0.000000,0.000000,0.000000,0.000000,0.000000,0,0,0,0,0,0,0,0,0,0,0,0.011932373046875,0.000579833984375,0,0,0,0,0,0,0,0,Object notstarted,Object notstarted,Object notstarted,Object notstarted,Object notstarted,Object notstarted,Object notstarted,Object notstarted,Object notstarted
2024-03-06 19:46:52,205.205,__main___datalogs,INFO,JoyConState.PREP_SNS,0.000000,0.000000,0.000000,0.048062,-0.002289,-0.004577,0.000000,0.000000,0.000000,0.000000,0.000000,0,0,0,0,0,0,0,0,0,0,0,0.011932373046875,0.000579833984375,0,0,0,0,0,0,0,0,Object notstarted,Object notstarted,Object notstarted,Object notstarted,Object notstarted,Object notstarted,Object notstarted,Object notstarted,Object notstarted
2024-03-06 19:46:52,320.320,__main___datalogs,INFO,JoyConState.PREP_SNS,0.000000,0.000000,0.000000,0.048062,-0.006866,0.000000,0.000000,0.000000,0.000000,0.000000,0.000000,0,0,0,0,0,0,0,0,0,0,0,0.011932373046875,0.000579833984375,0,0,0,0,0,0,0,0,Object notstarted,Object notstarted,Object notstarted,Object notstarted,Object notstarted,Object notstarted,Object notstarted,Object notstarted,Object notstarted
2024-03-06 19:46:52,432.432,__main___datalogs,INFO,JoyConState.PREP_SNS,0.000000,0.000000,0.000000,0.050351,0.000000,0.000000,0.000000,0.000000,0.000000,0.000000,0.000000,0,0,0,0,0,0,0,0,0,0,0,0.011932373046875,0.000579833984375,0,0,0,0,0,0,0,0,Object notstarted,Object notstarted,Object notstarted,Object notstarted,Object notstarted,Object notstarted,Object notstarted,Object notstarted,Object notstarted
2024-03-06 19:46:52,542.542,__main___datalogs,INFO,JoyConState.PREP_SNS,0.000000,0.000000,0.000000,0.048062,0.000000,-0.004577,0.004577,0.000000,0.000000,0.000000,0.000000,0,0,0,0,0,0,0,0,0,0,0,0.011932373046875,0.000579833984375,0,0,0,0,0,0,0,0,Object notstarted,Object notstarted,Object notstarted,Object notstarted,Object notstarted,Object notstarted,Object notstarted,Object notstarted,Object notstarted
2024-03-06 19:46:52,650.650,__main___datalogs,INFO,JoyConState.PREP_SNS,0.000000,0.000000,0.000000,0.048062,-0.006866,0.000000,0.004577,0.000000,0.000000,0.000000,0.000000,0,0,0,0,0,0,0,0,0,0,0,0.011932373046875,0.000579833984375,0,0,0,0,0,0,0,0,Object notstarted,Object notstarted,Object notstarted,Object notstarted,Object notstarted,Object notstarted,Object notstarted,Object notstarted,Object notstarted
2024-03-06 19:46:52,742.742,__main___datalogs,INFO,JoyConState.PREP_SNS,0.000000,0.000000,0.000000,0.050351,-0.002289,0.000000,0.000000,0.000000,0.000000,0.000000,0.000000,0,0,0,0,0,0,0,0,0,0,0,0.011932373046875,0.000579833984375,0,0,0,0,0,0,0,0,Object notstarted,Object notstarted,Object notstarted,Object notstarted,Object notstarted,Object notstarted,Object notstarted,Object notstarted,Object notstarted
2024-03-06 19:46:52,832.832,__main___datalogs,INFO,JoyConState.PREP_SNS,0.000000,0.000000,0.000000,0.041196,-0.006866,0.000000,0.004577,0.000000,0.000000,0.000000,0.000000,0,0,0,0,0,0,0,0,0,0,0,0.011932373046875,0.000579833984375,0,0,0,0,0,0,0,0,Object notstarted,Object notstarted,Object notstarted,Object notstarted,Object notstarted,Object notstarted,Object notstarted,Object notstarted,Object notstarted
2024-03-06 19:46:52,931.931,__main___datalogs,INFO,JoyConState.PREP_SNS,0.000000,0.000000,0.000000,0.041196,-0.006866,0.000000,0.000000,0.000000,0.000000,0.000000,0.000000,0,0,0,0,0,0,0,0,0,0,0,0.011932373046875,0.000579833984375,0,0,0,0,0,0,0,0,Object notstarted,Object notstarted,Object notstarted,Object notstarted,Object notstarted,Object notstarted,Object notstarted,Object notstarted,Object notstarted
2024-03-06 19:46:53,022.022,__main___datalogs,INFO,JoyConState.PREP_SNS,0.000000,0.000000,0.000000,0.050351,-0.002289,-0.004577,0.004577,0.000000,0.000000,0.000000,0.000000,0,0,0,0,0,0,0,0,0,0,0,0.011932373046875,0.000579833984375,0,0,0,0,0,0,0,0,Object notstarted,Object notstarted,Object notstarted,Object notstarted,Object notstarted,Object notstarted,Object notstarted,Object notstarted,Object notstarted
2024-03-06 19:46:53,122.122,__main___datalogs,INFO,JoyConState.PREP_SNS,0.000000,0.000000,0.000000,0.048062,-0.006866,-0.004577,0.000000,0.000000,0.000000,0.000000,0.000000,0,0,0,0,0,0,0,0,0,0,0,0.011932373046875,0.000579833984375,0,0,0,0,0,0,0,0,Object notstarted,Object notstarted,Object notstarted,Object notstarted,Object notstarted,Object notstarted,Object notstarted,Object notstarted,Object notstarted
2024-03-06 19:46:53,213.213,__main___datalogs,INFO,JoyConState.PREP_SNS,0.000000,0.000000,0.000000,0.048062,-0.002289,-0.006866,0.004577,0.000000,0.000000,0.000000,0.000000,0,0,0,0,0,0,0,0,0,0,0,0.011932373046875,0.000579833984375,0,0,0,0,0,0,0,0,Object notstarted,Object notstarted,Object notstarted,Object notstarted,Object notstarted,Object notstarted,Object notstarted,Object notstarted,Object notstarted
2024-03-06 19:46:53,315.315,__main___datalogs,INFO,JoyConState.PREP_SNS,0.000000,0.000000,0.000000,0.048062,-0.002289,0.000000,0.000000,0.000000,0.000000,0.000000,0.000000,0,0,0,0,0,0,0,0,0,0,0,0.011932373046875,0.000579833984375,0,0,0,0,0,0,0,0,Object notstarted,Object notstarted,Object notstarted,Object notstarted,Object notstarted,Object notstarted,Object notstarted,Object notstarted,Object notstarted
2024-03-06 19:46:53,408.408,__main___datalogs,INFO,JoyConState.PREP_SNS,0.000000,0.000000,0.000000,0.041196,-0.002289,-0.004577,0.004577,0.000000,0.000000,0.000000,0.000000,0,0,0,0,0,0,0,0,0,0,0,0.011932373046875,0.000579833984375,0,0,0,0,0,0,0,0,Object notstarted,Object notstarted,Object notstarted,Object notstarted,Object notstarted,Object notstarted,Object notstarted,Object notstarted,Object notstarted
2024-03-06 19:46:53,509.509,__main___datalogs,INFO,JoyConState.PREP_SNS,0.000000,0.000000,0.000000,0.048062,-0.002289,-0.004577,0.004577,0.000000,0.000000,0.000000,0.000000,0,0,0,0,0,0,0,0,0,0,0,0.011932373046875,0.000579833984375,0,0,0,0,0,0,0,0,Object notstarted,Object notstarted,Object notstarted,Object notstarted,Object notstarted,Object notstarted,Object notstarted,Object notstarted,Object notstarted
2024-03-06 19:46:53,604.604,__main___datalogs,INFO,JoyConState.PREP_SNS,0.000000,0.000000,0.000000,0.050351,-0.006866,0.000000,0.000000,0.000000,0.000000,0.000000,0.000000,0,0,0,0,0,0,0,0,0,0,0,0.011932373046875,0.000579833984375,0,0,0,0,0,0,0,0,Object notstarted,Object notstarted,Object notstarted,Object notstarted,Object notstarted,Object notstarted,Object notstarted,Object notstarted,Object notstarted
2024-03-06 19:46:53,708.708,__main___datalogs,INFO,JoyConState.PREP_SNS,0.000000,0.000000,0.000000,0.048062,-0.011443,-0.004577,0.000000,0.000000,0.000000,0.000000,0.000000,0,0,0,0,0,0,0,0,0,0,0,0.011932373046875,0.000579833984375,0,0,0,0,0,0,0,0,Object notstarted,Object notstarted,Object notstarted,Object notstarted,Object notstarted,Object notstarted,Object notstarted,Object notstarted,Object notstarted
2024-03-06 19:46:53,820.820,__main___datalogs,INFO,JoyConState.PREP_SNS,0.000000,0.000000,0.000000,0.048062,-0.011443,-0.006866,0.000000,0.000000,0.000000,0.000000,0.000000,0,0,0,0,0,0,0,0,0,0,0,0.011932373046875,0.000579833984375,0,0,0,0,0,0,0,0,Object notstarted,Object notstarted,Object notstarted,Object notstarted,Object notstarted,Object notstarted,Object notstarted,Object notstarted,Object notstarted
2024-03-06 19:46:53,944.944,__main___datalogs,INFO,JoyConState.PREP_SNS,0.000000,0.000000,0.000000,0.041196,-0.006866,-0.004577,0.000000,0.000000,0.000000,0.000000,0.000000,0,0,0,0,0,0,0,0,0,0,0,0.011932373046875,0.000579833984375,0,0,0,0,0,0,0,0,Object notstarted,Object notstarted,Object notstarted,Object notstarted,Object notstarted,Object notstarted,Object notstarted,Object notstarted,Object notstarted
2024-03-06 19:46:54,067.067,__main___datalogs,INFO,JoyConState.PREP_SNS,0.000000,0.000000,0.000000,0.048062,-0.006866,0.000000,0.004577,0.000000,0.000000,0.000000,0.000000,0,0,0,0,0,0,0,0,0,0,0,0.011932373046875,0.000579833984375,0,0,0,0,0,0,0,0,Object notstarted,Object notstarted,Object notstarted,Object notstarted,Object notstarted,Object notstarted,Object notstarted,Object notstarted,Object notstarted
2024-03-06 19:46:54,171.171,__main___datalogs,INFO,JoyConState.PREP_SNS,0.000000,0.000000,0.000000,0.041196,-0.006866,-0.004577,0.004577,0.000000,0.000000,0.000000,0.000000,0,0,0,0,0,0,0,0,0,0,0,0.011932373046875,0.000579833984375,0,0,0,0,0,0,0,0,Object notstarted,Object notstarted,Object notstarted,Object notstarted,Object notstarted,Object notstarted,Object notstarted,Object notstarted,Object notstarted
2024-03-06 19:46:54,284.284,__main___datalogs,INFO,JoyConState.PREP_SNS,0.000000,0.000000,0.000000,0.041196,-0.002289,-0.004577,0.000000,0.000000,0.000000,0.000000,0.000000,0,0,0,0,0,0,0,0,0,0,0,0.011932373046875,0.000579833984375,0,0,0,0,0,0,0,0,Object notstarted,Object notstarted,Object notstarted,Object notstarted,Object notstarted,Object notstarted,Object notstarted,Object notstarted,Object notstarted
2024-03-06 19:46:54,400.400,__main___datalogs,INFO,JoyConState.PREP_SNS,0.000000,0.000000,0.000000,0.041196,-0.002289,0.000000,0.000000,0.000000,0.000000,0.000000,0.000000,0,0,0,0,0,0,0,0,0,0,0,0.011932373046875,0.000579833984375,0,0,0,0,0,0,0,0,Object notstarted,Object notstarted,Object notstarted,Object notstarted,Object notstarted,Object notstarted,Object notstarted,Object notstarted,Object notstarted
2024-03-06 19:46:54,505.505,__main___datalogs,INFO,JoyConState.PREP_SNS,0.000000,0.000000,0.000000,0.048062,-0.002289,-0.004577,0.004577,0.000000,0.000000,0.000000,0.000000,0,0,0,0,0,0,0,0,0,0,0,0.011932373046875,0.000579833984375,0,0,0,0,0,0,0,0,Object notstarted,Object notstarted,Object notstarted,Object notstarted,Object notstarted,Object notstarted,Object notstarted,Object notstarted,Object notstarted
2024-03-06 19:46:54,621.621,__main___datalogs,INFO,JoyConState.PREP_SNS,0.000000,0.000000,0.000000,0.048062,0.000000,-0.004577,0.004577,0.000000,0.000000,0.000000,0.000000,0,0,0,0,0,0,0,0,0,0,0,0.011932373046875,0.000579833984375,0,0,0,0,0,0,0,0,Object notstarted,Object notstarted,Object notstarted,Object notstarted,Object notstarted,Object notstarted,Object notstarted,Object notstarted,Object notstarted
2024-03-06 19:46:54,734.734,__main___datalogs,INFO,JoyConState.PREP_SNS,0.000000,0.000000,0.000000,0.048062,0.000000,0.000000,0.004577,0.000000,0.000000,0.000000,0.000000,0,0,0,0,0,0,0,0,0,0,0,0.011932373046875,0.000579833984375,0,0,0,0,0,0,0,0,Object notstarted,Object notstarted,Object notstarted,Object notstarted,Object notstarted,Object notstarted,Object notstarted,Object notstarted,Object notstarted
2024-03-06 19:46:54,843.843,__main___datalogs,INFO,JoyConState.PREP_SNS,0.000000,0.000000,0.000000,0.048062,-0.002289,-0.004577,0.004577,0.000000,0.000000,0.000000,0.000000,0,0,0,0,0,0,0,0,0,0,0,0.011932373046875,0.000579833984375,0,0,0,0,0,0,0,0,Object notstarted,Object notstarted,Object notstarted,Object notstarted,Object notstarted,Object notstarted,Object notstarted,Object notstarted,Object notstarted
2024-03-06 19:46:54,955.955,__main___datalogs,INFO,JoyConState.PREP_SNS,0.000000,0.000000,0.000000,0.041196,-0.011443,0.000000,0.004577,0.000000,0.000000,0.000000,0.000000,0,0,0,0,0,0,0,0,0,0,0,0.011932373046875,0.000579833984375,0,0,0,0,0,0,0,0,Object notstarted,Object notstarted,Object notstarted,Object notstarted,Object notstarted,Object notstarted,Object notstarted,Object notstarted,Object notstarted
2024-03-06 19:46:55,070.070,__main___datalogs,INFO,JoyConState.PREP_SNS,0.000000,0.000000,0.000000,0.041196,-0.006866,0.000000,0.004577,0.000000,0.000000,0.000000,0.000000,0,0,0,0,0,0,0,0,0,0,0,0.011932373046875,0.000579833984375,0,0,0,0,0,0,0,0,Object notstarted,Object notstarted,Object notstarted,Object notstarted,Object notstarted,Object notstarted,Object notstarted,Object notstarted,Object notstarted
2024-03-06 19:46:55,176.176,__main___datalogs,INFO,JoyConState.PREP_SNS,0.000000,0.000000,0.000000,0.050351,-0.006866,0.000000,0.000000,0.000000,0.000000,0.000000,0.000000,0,0,0,0,0,0,0,0,0,0,0,0.011932373046875,0.000579833984375,0,0,0,0,0,0,0,0,Object notstarted,Object notstarted,Object notstarted,Object notstarted,Object notstarted,Object notstarted,Object notstarted,Object notstarted,Object notstarted
2024-03-06 19:46:55,288.288,__main___datalogs,INFO,JoyConState.PREP_SNS,0.000000,0.000000,0.000000,0.048062,0.000000,-0.004577,0.004577,0.000000,0.000000,0.000000,0.000000,0,0,0,0,0,0,0,0,0,0,0,0.011932373046875,0.000579833984375,0,0,0,0,0,0,0,0,Object notstarted,Object notstarted,Object notstarted,Object notstarted,Object notstarted,Object notstarted,Object notstarted,Object notstarted,Object notstarted
2024-03-06 19:46:55,402.402,__main___datalogs,INFO,JoyConState.PREP_SNS,0.000000,0.000000,0.000000,0.041196,-0.002289,-0.006866,0.000000,0.000000,0.000000,0.000000,0.000000,0,0,0,0,0,0,0,0,0,0,0,0.011932373046875,0.000579833984375,0,0,0,0,0,0,0,0,Object notstarted,Object notstarted,Object notstarted,Object notstarted,Object notstarted,Object notstarted,Object notstarted,Object notstarted,Object notstarted
2024-03-06 19:46:55,521.521,__main___datalogs,INFO,JoyConState.PREP_SNS,0.000000,0.000000,0.000000,0.048062,-0.002289,-0.004577,-0.004577,0.000000,0.000000,0.000000,0.000000,0,0,0,0,0,0,0,0,0,0,0,0.011932373046875,0.000579833984375,0,0,0,0,0,0,0,0,Object notstarted,Object notstarted,Object notstarted,Object notstarted,Object notstarted,Object notstarted,Object notstarted,Object notstarted,Object notstarted
2024-03-06 19:46:55,629.629,__main___datalogs,INFO,JoyConState.PREP_SNS,0.000000,0.000000,0.000000,0.041196,-0.002289,-0.006866,0.000000,0.000000,0.000000,0.000000,0.000000,0,0,0,0,0,0,0,0,0,0,0,0.011932373046875,0.000579833984375,0,0,0,0,0,0,0,0,Object notstarted,Object notstarted,Object notstarted,Object notstarted,Object notstarted,Object notstarted,Object notstarted,Object notstarted,Object notstarted
2024-03-06 19:46:55,740.740,__main___datalogs,INFO,JoyConState.PREP_SNS,0.000000,0.000000,0.000000,0.048062,0.000000,0.000000,0.000000,0.000000,0.000000,0.000000,0.000000,0,0,0,0,0,0,0,0,0,0,0,0.011932373046875,0.000579833984375,0,0,0,0,0,0,0,0,Object notstarted,Object notstarted,Object notstarted,Object notstarted,Object notstarted,Object notstarted,Object notstarted,Object notstarted,Object notstarted
2024-03-06 19:46:55,847.847,__main___datalogs,INFO,JoyConState.PREP_SNS,0.000000,0.000000,0.000000,0.048062,-0.006866,0.000000,0.000000,0.000000,0.000000,0.000000,0.000000,0,0,0,0,0,0,0,0,0,0,0,0.011932373046875,0.000579833984375,0,0,0,0,0,0,0,0,Object notstarted,Object notstarted,Object notstarted,Object notstarted,Object notstarted,Object notstarted,Object notstarted,Object notstarted,Object notstarted
2024-03-06 19:46:55,964.964,__main___datalogs,INFO,JoyConState.PREP_SNS,0.000000,0.000000,0.000000,0.048062,-0.006866,-0.004577,0.000000,0.000000,0.000000,0.000000,0.000000,0,0,0,0,0,0,0,0,0,0,0,0.011932373046875,0.000579833984375,0,0,0,0,0,0,0,0,Object notstarted,Object notstarted,Object notstarted,Object notstarted,Object notstarted,Object notstarted,Object notstarted,Object notstarted,Object notstarted
2024-03-06 19:46:56,074.074,__main___datalogs,INFO,JoyConState.PREP_SNS,0.000000,0.000000,0.000000,0.048062,0.000000,0.000000,0.000000,0.000000,0.000000,0.000000,0.000000,0,0,0,0,0,0,0,0,0,0,0,0.011932373046875,0.000579833984375,0,0,0,0,0,0,0,0,Object notstarted,Object notstarted,Object notstarted,Object notstarted,Object notstarted,Object notstarted,Object notstarted,Object notstarted,Object notstarted
2024-03-06 19:46:56,186.186,__main___datalogs,INFO,JoyConState.PREP_SNS,0.000000,0.000000,0.000000,0.041196,-0.006866,0.000000,0.004577,0.000000,0.000000,0.000000,0.000000,0,0,0,0,0,0,0,0,0,0,0,0.011932373046875,0.000579833984375,0,0,0,0,0,0,0,0,Object notstarted,Object notstarted,Object notstarted,Object notstarted,Object notstarted,Object notstarted,Object notstarted,Object notstarted,Object notstarted
2024-03-06 19:46:56,294.294,__main___datalogs,INFO,JoyConState.PREP_SNS,0.000000,0.000000,0.000000,0.050351,-0.002289,0.000000,0.004577,0.000000,0.000000,0.000000,0.000000,0,0,0,0,0,0,0,0,0,0,0,0.011932373046875,0.000579833984375,0,0,0,0,0,0,0,0,Object notstarted,Object notstarted,Object notstarted,Object notstarted,Object notstarted,Object notstarted,Object notstarted,Object notstarted,Object notstarted
2024-03-06 19:46:56,410.410,__main___datalogs,INFO,JoyConState.PREP_SNS,0.000000,0.000000,0.000000,0.048062,-0.002289,0.000000,0.000000,0.000000,0.000000,0.000000,0.000000,0,0,0,0,0,0,0,0,0,0,0,0.011932373046875,0.000579833984375,0,0,0,0,0,0,0,0,Object notstarted,Object notstarted,Object notstarted,Object notstarted,Object notstarted,Object notstarted,Object notstarted,Object notstarted,Object notstarted
2024-03-06 19:46:56,519.519,__main___datalogs,INFO,JoyConState.PREP_SNS,0.000000,0.000000,0.000000,0.041196,-0.002289,0.000000,0.004577,0.000000,0.000000,0.000000,0.000000,0,0,0,0,0,0,0,0,0,0,0,0.011932373046875,0.000579833984375,0,0,0,0,0,0,0,0,Object notstarted,Object notstarted,Object notstarted,Object notstarted,Object notstarted,Object notstarted,Object notstarted,Object notstarted,Object notstarted
2024-03-06 19:46:56,635.635,__main___datalogs,INFO,JoyConState.PREP_SNS,0.000000,0.000000,0.000000,0.050351,-0.006866,-0.004577,0.004577,0.000000,0.000000,0.000000,0.000000,0,0,0,0,0,0,0,0,0,0,0,0.011932373046875,0.000579833984375,0,0,0,0,0,0,0,0,Object notstarted,Object notstarted,Object notstarted,Object notstarted,Object notstarted,Object notstarted,Object notstarted,Object notstarted,Object notstarted
2024-03-06 19:46:56,746.746,__main___datalogs,INFO,JoyConState.PREP_SNS,0.000000,0.000000,0.000000,0.050351,-0.006866,-0.004577,0.000000,0.000000,0.000000,0.000000,0.000000,0,0,0,0,0,0,0,0,0,0,0,0.011932373046875,0.000579833984375,0,0,0,0,0,0,0,0,Object notstarted,Object notstarted,Object notstarted,Object notstarted,Object notstarted,Object notstarted,Object notstarted,Object notstarted,Object notstarted
2024-03-06 19:46:56,856.856,__main___datalogs,INFO,JoyConState.PREP_SNS,0.000000,0.000000,0.000000,0.048062,-0.002289,-0.004577,0.004577,0.000000,0.000000,0.000000,0.000000,0,0,0,0,0,0,0,0,0,0,0,0.011932373046875,0.000579833984375,0,0,0,0,0,0,0,0,Object notstarted,Object notstarted,Object notstarted,Object notstarted,Object notstarted,Object notstarted,Object notstarted,Object notstarted,Object notstarted
2024-03-06 19:46:56,972.972,__main___datalogs,INFO,JoyConState.PREP_SNS,0.000000,0.000000,0.000000,0.048062,-0.006866,-0.004577,0.004577,0.000000,0.000000,0.000000,0.000000,0,0,0,0,0,0,0,0,0,0,0,0.011932373046875,0.000579833984375,0,0,0,0,0,0,0,0,Object notstarted,Object notstarted,Object notstarted,Object notstarted,Object notstarted,Object notstarted,Object notstarted,Object notstarted,Object notstarted
2024-03-06 19:46:57,090.090,__main___datalogs,INFO,JoyConState.PREP_SNS,0.000000,0.000000,0.000000,0.048062,0.000000,-0.006866,0.004577,0.000000,0.000000,0.000000,0.000000,0,0,0,0,0,0,0,0,0,0,0,0.011932373046875,0.000579833984375,0,0,0,0,0,0,0,0,Object notstarted,Object notstarted,Object notstarted,Object notstarted,Object notstarted,Object notstarted,Object notstarted,Object notstarted,Object notstarted
2024-03-06 19:46:57,184.184,__main___datalogs,INFO,JoyConState.PREP_SNS,0.000000,0.000000,0.000000,0.048062,-0.002289,0.000000,0.004577,0.000000,0.000000,0.000000,0.000000,0,0,0,0,0,0,0,0,0,0,0,0.011932373046875,0.000579833984375,0,0,0,0,0,0,0,0,Object notstarted,Object notstarted,Object notstarted,Object notstarted,Object notstarted,Object notstarted,Object notstarted,Object notstarted,Object notstarted
2024-03-06 19:46:57,279.279,__main___datalogs,INFO,JoyConState.PREP_SNS,0.000000,0.000000,0.000000,0.050351,-0.006866,0.000000,0.004577,0.000000,0.000000,0.000000,0.000000,0,0,0,0,0,0,0,0,0,0,0,0.011932373046875,0.000579833984375,0,0,0,0,0,0,0,0,Object notstarted,Object notstarted,Object notstarted,Object notstarted,Object notstarted,Object notstarted,Object notstarted,Object notstarted,Object notstarted
2024-03-06 19:46:57,370.370,__main___datalogs,INFO,JoyConState.PREP_SNS,0.000000,0.000000,0.000000,0.048062,0.000000,-0.004577,0.004577,0.000000,0.000000,0.000000,0.000000,0,0,0,0,0,0,0,0,0,0,0,0.011932373046875,0.000579833984375,0,0,0,0,0,0,0,0,Object notstarted,Object notstarted,Object notstarted,Object notstarted,Object notstarted,Object notstarted,Object notstarted,Object notstarted,Object notstarted
2024-03-06 19:46:57,475.475,__main___datalogs,INFO,JoyConState.PREP_SNS,0.000000,0.000000,0.000000,0.041196,-0.002289,0.000000,0.000000,0.000000,0.000000,0.000000,0.000000,0,0,0,0,0,0,0,0,0,0,0,0.011932373046875,0.000579833984375,0,0,0,0,0,0,0,0,Object notstarted,Object notstarted,Object notstarted,Object notstarted,Object notstarted,Object notstarted,Object notstarted,Object notstarted,Object notstarted
2024-03-06 19:46:57,561.561,__main___datalogs,INFO,JoyConState.PREP_SNS,0.000000,0.000000,0.000000,0.041196,-0.002289,0.000000,0.006866,0.000000,0.000000,0.000000,0.000000,0,0,0,0,0,0,0,0,0,0,0,0.011932373046875,0.000579833984375,0,0,0,0,0,0,0,0,Object notstarted,Object notstarted,Object notstarted,Object notstarted,Object notstarted,Object notstarted,Object notstarted,Object notstarted,Object notstarted
2024-03-06 19:46:57,661.661,__main___datalogs,INFO,JoyConState.PREP_SNS,0.000000,0.000000,0.000000,0.041196,0.000000,0.000000,0.000000,0.000000,0.000000,0.000000,0.000000,0,0,0,0,0,0,0,0,0,0,0,0.011932373046875,0.000579833984375,0,0,0,0,0,0,0,0,Object notstarted,Object notstarted,Object notstarted,Object notstarted,Object notstarted,Object notstarted,Object notstarted,Object notstarted,Object notstarted
2024-03-06 19:46:57,751.751,__main___datalogs,INFO,JoyConState.PREP_SNS,0.000000,0.000000,0.000000,0.041196,-0.006866,-0.004577,0.004577,0.000000,0.000000,0.000000,0.000000,0,0,0,0,0,0,0,0,0,0,0,0.011932373046875,0.000579833984375,0,0,0,0,0,0,0,0,Object notstarted,Object notstarted,Object notstarted,Object notstarted,Object notstarted,Object notstarted,Object notstarted,Object notstarted,Object notstarted
2024-03-06 19:46:57,850.850,__main___datalogs,INFO,JoyConState.PREP_SNS,0.000000,0.000000,0.000000,0.041196,-0.006866,-0.006866,0.004577,0.000000,0.000000,0.000000,0.000000,0,0,0,0,0,0,0,0,0,0,0,0.011932373046875,0.000579833984375,0,0,0,0,0,0,0,0,Object notstarted,Object notstarted,Object notstarted,Object notstarted,Object notstarted,Object notstarted,Object notstarted,Object notstarted,Object notstarted
2024-03-06 19:46:57,974.974,__main___datalogs,INFO,JoyConState.PREP_SNS,0.000000,0.000000,0.000000,0.041196,-0.011443,-0.006866,0.000000,0.000000,0.000000,0.000000,0.000000,0,0,0,0,0,0,0,0,0,0,0,0.011932373046875,0.000579833984375,0,0,0,0,0,0,0,0,Object notstarted,Object notstarted,Object notstarted,Object notstarted,Object notstarted,Object notstarted,Object notstarted,Object notstarted,Object notstarted
2024-03-06 19:46:58,090.090,__main___datalogs,INFO,JoyConState.PREP_SNS,0.000000,0.000000,0.000000,0.048062,-0.006866,0.000000,0.000000,0.000000,0.000000,0.000000,0.000000,0,0,0,0,0,0,0,0,0,0,0,0.011932373046875,0.000579833984375,0,0,0,0,0,0,0,0,Object notstarted,Object notstarted,Object notstarted,Object notstarted,Object notstarted,Object notstarted,Object notstarted,Object notstarted,Object notstarted
2024-03-06 19:46:58,193.193,__main___datalogs,INFO,JoyConState.PREP_SNS,0.000000,0.000000,0.000000,0.048062,-0.002289,-0.004577,0.000000,0.000000,0.000000,0.000000,0.000000,0,0,0,0,0,0,0,0,0,0,0,0.011932373046875,0.000579833984375,0,0,0,0,0,0,0,0,Object notstarted,Object notstarted,Object notstarted,Object notstarted,Object notstarted,Object notstarted,Object notstarted,Object notstarted,Object notstarted
2024-03-06 19:46:58,291.291,__main___datalogs,INFO,JoyConState.PREP_SNS,0.000000,0.000000,0.000000,0.048062,-0.002289,-0.004577,0.000000,0.000000,0.000000,0.000000,0.000000,0,0,0,0,0,0,0,0,0,0,0,0.011932373046875,0.000579833984375,0,0,0,0,0,0,0,0,Object notstarted,Object notstarted,Object notstarted,Object notstarted,Object notstarted,Object notstarted,Object notstarted,Object notstarted,Object notstarted
2024-03-06 19:46:58,401.401,__main___datalogs,INFO,JoyConState.PREP_SNS,0.000000,0.000000,0.000000,0.048062,-0.006866,0.000000,0.000000,0.000000,0.000000,0.000000,0.000000,0,0,0,0,0,0,0,0,0,0,0,0.011932373046875,0.000579833984375,0,0,0,0,0,0,0,0,Object notstarted,Object notstarted,Object notstarted,Object notstarted,Object notstarted,Object notstarted,Object notstarted,Object notstarted,Object notstarted
2024-03-06 19:46:58,495.495,__main___datalogs,INFO,JoyConState.PREP_SNS,0.000000,0.000000,0.000000,0.041196,-0.006866,-0.004577,0.004577,0.000000,0.000000,0.000000,0.000000,0,0,0,0,0,0,0,0,0,0,0,0.011932373046875,0.000579833984375,0,0,0,0,0,0,0,0,Object notstarted,Object notstarted,Object notstarted,Object notstarted,Object notstarted,Object notstarted,Object notstarted,Object notstarted,Object notstarted
2024-03-06 19:46:58,584.584,__main___datalogs,INFO,JoyConState.PREP_SNS,0.000000,0.000000,0.000000,0.048062,0.000000,-0.004577,0.004577,0.000000,0.000000,0.000000,0.000000,0,0,0,0,0,0,0,0,0,0,0,0.011932373046875,0.000579833984375,0,0,0,0,0,0,0,0,Object notstarted,Object notstarted,Object notstarted,Object notstarted,Object notstarted,Object notstarted,Object notstarted,Object notstarted,Object notstarted
2024-03-06 19:46:58,686.686,__main___datalogs,INFO,JoyConState.PREP_SNS,0.000000,0.000000,0.000000,0.041196,-0.006866,-0.004577,0.004577,0.000000,0.000000,0.000000,0.000000,0,0,0,0,0,0,0,0,0,0,0,0.011932373046875,0.000579833984375,0,0,0,0,0,0,0,0,Object notstarted,Object notstarted,Object notstarted,Object notstarted,Object notstarted,Object notstarted,Object notstarted,Object notstarted,Object notstarted
2024-03-06 19:46:58,773.773,__main___datalogs,INFO,JoyConState.PREP_SNS,0.000000,0.000000,0.000000,0.048062,0.000000,-0.004577,0.004577,0.000000,0.000000,0.000000,0.000000,0,0,0,0,0,0,0,0,0,0,0,0.011932373046875,0.000579833984375,0,0,0,0,0,0,0,0,Object notstarted,Object notstarted,Object notstarted,Object notstarted,Object notstarted,Object notstarted,Object notstarted,Object notstarted,Object notstarted
2024-03-06 19:46:58,874.874,__main___datalogs,INFO,JoyConState.PREP_SNS,0.000000,0.000000,0.000000,0.048062,-0.006866,-0.004577,0.004577,0.000000,0.000000,0.000000,0.000000,0,0,0,0,0,0,0,0,0,0,0,0.011932373046875,0.000579833984375,0,0,0,0,0,0,0,0,Object notstarted,Object notstarted,Object notstarted,Object notstarted,Object notstarted,Object notstarted,Object notstarted,Object notstarted,Object notstarted
2024-03-06 19:46:58,970.970,__main___datalogs,INFO,JoyConState.PREP_SNS,0.000000,0.000000,0.000000,0.048062,-0.002289,0.000000,0.004577,0.000000,0.000000,0.000000,0.000000,0,0,0,0,0,0,0,0,0,0,0,0.011932373046875,0.000579833984375,0,0,0,0,0,0,0,0,Object notstarted,Object notstarted,Object notstarted,Object notstarted,Object notstarted,Object notstarted,Object notstarted,Object notstarted,Object notstarted
2024-03-06 19:46:59,065.065,__main___datalogs,INFO,JoyConState.PREP_SNS,0.000000,0.000000,0.000000,0.048062,-0.006866,0.000000,0.000000,0.000000,0.000000,0.000000,0.000000,0,0,0,0,0,0,0,0,0,0,0,0.011932373046875,0.000579833984375,0,0,0,0,0,0,0,0,Object notstarted,Object notstarted,Object notstarted,Object notstarted,Object notstarted,Object notstarted,Object notstarted,Object notstarted,Object notstarted
2024-03-06 19:46:59,161.161,__main___datalogs,INFO,JoyConState.PREP_SNS,0.000000,0.000000,0.000000,0.048062,-0.006866,0.000000,0.004577,0.000000,0.000000,0.000000,0.000000,0,0,0,0,0,0,0,0,0,0,0,0.011932373046875,0.000579833984375,0,0,0,0,0,0,0,0,Object notstarted,Object notstarted,Object notstarted,Object notstarted,Object notstarted,Object notstarted,Object notstarted,Object notstarted,Object notstarted
2024-03-06 19:46:59,263.263,__main___datalogs,INFO,JoyConState.PREP_SNS,0.000000,0.000000,0.000000,0.041196,-0.006866,-0.004577,0.004577,0.000000,0.000000,0.000000,0.000000,0,0,0,0,0,0,0,0,0,0,0,0.011932373046875,0.000579833984375,0,0,0,0,0,0,0,0,Object notstarted,Object notstarted,Object notstarted,Object notstarted,Object notstarted,Object notstarted,Object notstarted,Object notstarted,Object notstarted
2024-03-06 19:46:59,350.350,__main___datalogs,INFO,JoyConState.PREP_SNS,0.000000,0.000000,0.000000,0.041196,-0.006866,-0.004577,0.004577,0.000000,0.000000,0.000000,0.000000,0,0,0,0,0,0,0,0,0,0,0,0.011932373046875,0.000579833984375,0,0,0,0,0,0,0,0,Object notstarted,Object notstarted,Object notstarted,Object notstarted,Object notstarted,Object notstarted,Object notstarted,Object notstarted,Object notstarted
2024-03-06 19:46:59,452.452,__main___datalogs,INFO,JoyConState.PREP_SNS,0.000000,0.000000,0.000000,0.048062,-0.006866,0.000000,0.004577,0.000000,0.000000,0.000000,0.000000,0,0,0,0,0,0,0,0,0,0,0,0.011932373046875,0.000579833984375,0,0,0,0,0,0,0,0,Object notstarted,Object notstarted,Object notstarted,Object notstarted,Object notstarted,Object notstarted,Object notstarted,Object notstarted,Object notstarted
2024-03-06 19:46:59,545.545,__main___datalogs,INFO,JoyConState.PREP_SNS,0.000000,0.000000,0.000000,0.041196,0.000000,-0.004577,0.004577,0.000000,0.000000,0.000000,0.000000,0,0,0,0,0,0,0,0,0,0,0,0.011932373046875,0.000579833984375,0,0,0,0,0,0,0,0,Object notstarted,Object notstarted,Object notstarted,Object notstarted,Object notstarted,Object notstarted,Object notstarted,Object notstarted,Object notstarted
2024-03-06 19:46:59,644.644,__main___datalogs,INFO,JoyConState.PREP_SNS,0.000000,0.000000,0.000000,0.041196,-0.002289,-0.006866,0.004577,0.000000,0.000000,0.000000,0.000000,0,0,0,0,0,0,0,0,0,0,0,0.011932373046875,0.000579833984375,0,0,0,0,0,0,0,0,Object notstarted,Object notstarted,Object notstarted,Object notstarted,Object notstarted,Object notstarted,Object notstarted,Object notstarted,Object notstarted
2024-03-06 19:46:59,733.733,__main___datalogs,INFO,JoyConState.PREP_SNS,0.000000,0.000000,0.000000,0.048062,-0.002289,0.000000,0.004577,0.000000,0.000000,0.000000,0.000000,0,0,0,0,0,0,0,0,0,0,0,0.011932373046875,0.000579833984375,0,0,0,0,0,0,0,0,Object notstarted,Object notstarted,Object notstarted,Object notstarted,Object notstarted,Object notstarted,Object notstarted,Object notstarted,Object notstarted
2024-03-06 19:46:59,836.836,__main___datalogs,INFO,JoyConState.PREP_SNS,0.000000,0.000000,0.000000,0.050351,-0.006866,0.000000,0.004577,0.000000,0.000000,0.000000,0.000000,0,0,0,0,0,0,0,0,0,0,0,0.011932373046875,0.000579833984375,0,0,0,0,0,0,0,0,Object notstarted,Object notstarted,Object notstarted,Object notstarted,Object notstarted,Object notstarted,Object notstarted,Object notstarted,Object notstarted
2024-03-06 19:46:59,926.926,__main___datalogs,INFO,JoyConState.PREP_SNS,0.000000,0.000000,0.000000,0.048062,0.000000,-0.004577,0.000000,0.000000,0.000000,0.000000,0.000000,0,0,0,0,0,0,0,0,0,0,0,0.011932373046875,0.000579833984375,0,0,0,0,0,0,0,0,Object notstarted,Object notstarted,Object notstarted,Object notstarted,Object notstarted,Object notstarted,Object notstarted,Object notstarted,Object notstarted
2024-03-06 19:47:00,030.030,__main___datalogs,INFO,JoyConState.PREP_SNS,0.000000,0.000000,0.000000,0.041196,-0.002289,0.000000,0.004577,0.000000,0.000000,0.000000,0.000000,0,0,0,0,0,0,0,0,0,0,0,0.011932373046875,0.000579833984375,0,0,0,0,0,0,0,0,Object notstarted,Object notstarted,Object notstarted,Object notstarted,Object notstarted,Object notstarted,Object notstarted,Object notstarted,Object notstarted
2024-03-06 19:47:00,118.118,__main___datalogs,INFO,JoyConState.PREP_SNS,0.000000,0.000000,0.000000,0.048062,-0.006866,-0.004577,0.004577,0.000000,0.000000,0.000000,0.000000,0,0,0,0,0,0,0,0,0,0,0,0.011932373046875,0.000579833984375,0,0,0,0,0,0,0,0,Object notstarted,Object notstarted,Object notstarted,Object notstarted,Object notstarted,Object notstarted,Object notstarted,Object notstarted,Object notstarted
2024-03-06 19:47:00,221.221,__main___datalogs,INFO,JoyConState.PREP_SNS,0.000000,0.000000,0.000000,0.041196,-0.006866,-0.004577,0.004577,0.000000,0.000000,0.000000,0.000000,0,0,0,0,0,0,0,0,0,0,0,0.011932373046875,0.000579833984375,0,0,0,0,0,0,0,0,Object notstarted,Object notstarted,Object notstarted,Object notstarted,Object notstarted,Object notstarted,Object notstarted,Object notstarted,Object notstarted
2024-03-06 19:47:00,312.312,__main___datalogs,INFO,JoyConState.PREP_SNS,0.000000,0.000000,0.000000,0.041196,-0.002289,0.000000,0.004577,0.000000,0.000000,0.000000,0.000000,0,0,0,0,0,0,0,0,0,0,0,0.011932373046875,0.000579833984375,0,0,0,0,0,0,0,0,Object notstarted,Object notstarted,Object notstarted,Object notstarted,Object notstarted,Object notstarted,Object notstarted,Object notstarted,Object notstarted
2024-03-06 19:47:00,406.406,__main___datalogs,INFO,JoyConState.PREP_SNS,0.000000,0.000000,0.000000,0.048062,-0.006866,0.000000,0.004577,0.000000,0.000000,0.000000,0.000000,0,0,0,0,0,0,0,0,0,0,0,0.011932373046875,0.000579833984375,0,0,0,0,0,0,0,0,Object notstarted,Object notstarted,Object notstarted,Object notstarted,Object notstarted,Object notstarted,Object notstarted,Object notstarted,Object notstarted
2024-03-06 19:47:00,502.502,__main___datalogs,INFO,JoyConState.PREP_SNS,0.000000,0.000000,0.000000,0.041196,-0.011443,-0.006866,0.004577,0.000000,0.000000,0.000000,0.000000,0,0,0,0,0,0,0,0,0,0,0,0.011932373046875,0.000579833984375,0,0,0,0,0,0,0,0,Object notstarted,Object notstarted,Object notstarted,Object notstarted,Object notstarted,Object notstarted,Object notstarted,Object notstarted,Object notstarted
2024-03-06 19:47:00,612.612,__main___datalogs,INFO,JoyConState.PREP_SNS,0.000000,0.000000,0.000000,0.041196,0.000000,0.000000,0.004577,0.000000,0.000000,0.000000,0.000000,0,0,0,0,0,0,0,0,0,0,0,0.011932373046875,0.000579833984375,0,0,0,0,0,0,0,0,Object notstarted,Object notstarted,Object notstarted,Object notstarted,Object notstarted,Object notstarted,Object notstarted,Object notstarted,Object notstarted
2024-03-06 19:47:00,720.720,__main___datalogs,INFO,JoyConState.PREP_SNS,0.000000,0.000000,0.000000,0.048062,-0.002289,-0.004577,0.004577,0.000000,0.000000,0.000000,0.000000,0,0,0,0,0,0,0,0,0,0,0,0.011932373046875,0.000579833984375,0,0,0,0,0,0,0,0,Object notstarted,Object notstarted,Object notstarted,Object notstarted,Object notstarted,Object notstarted,Object notstarted,Object notstarted,Object notstarted
2024-03-06 19:47:00,837.837,__main___datalogs,INFO,JoyConState.PREP_SNS,0.000000,0.000000,0.000000,0.050351,-0.006866,-0.004577,0.004577,0.000000,0.000000,0.000000,0.000000,0,0,0,0,0,0,0,0,0,0,0,0.011932373046875,0.000579833984375,0,0,0,0,0,0,0,0,Object notstarted,Object notstarted,Object notstarted,Object notstarted,Object notstarted,Object notstarted,Object notstarted,Object notstarted,Object notstarted
2024-03-06 19:47:00,944.944,__main___datalogs,INFO,JoyConState.PREP_SNS,0.000000,0.000000,0.000000,0.041196,-0.006866,-0.004577,0.004577,0.000000,0.000000,0.000000,0.000000,0,0,0,0,0,0,0,0,0,0,0,0.011932373046875,0.000579833984375,0,0,0,0,0,0,0,0,Object notstarted,Object notstarted,Object notstarted,Object notstarted,Object notstarted,Object notstarted,Object notstarted,Object notstarted,Object notstarted
2024-03-06 19:47:01,062.062,__main___datalogs,INFO,JoyConState.PREP_SNS,0.000000,0.000000,0.000000,0.048062,-0.002289,0.000000,0.004577,0.000000,0.000000,0.000000,0.000000,0,0,0,0,0,0,0,0,0,0,0,0.011932373046875,0.000579833984375,0,0,0,0,0,0,0,0,Object notstarted,Object notstarted,Object notstarted,Object notstarted,Object notstarted,Object notstarted,Object notstarted,Object notstarted,Object notstarted
2024-03-06 19:47:01,166.166,__main___datalogs,INFO,JoyConState.PREP_SNS,0.000000,0.000000,0.000000,0.050351,-0.006866,-0.004577,0.004577,0.000000,0.000000,0.000000,0.000000,0,0,0,0,0,0,0,0,0,0,0,0.011932373046875,0.000579833984375,0,0,0,0,0,0,0,0,Object notstarted,Object notstarted,Object notstarted,Object notstarted,Object notstarted,Object notstarted,Object notstarted,Object notstarted,Object notstarted
2024-03-06 19:47:01,255.255,__main___datalogs,INFO,JoyConState.PREP_SNS,0.000000,0.000000,0.000000,0.048062,-0.002289,-0.004577,0.004577,0.000000,0.000000,0.000000,0.000000,0,0,0,0,0,0,0,0,0,0,0,0.011932373046875,0.000579833984375,0,0,0,0,0,0,0,0,Object notstarted,Object notstarted,Object notstarted,Object notstarted,Object notstarted,Object notstarted,Object notstarted,Object notstarted,Object notstarted
2024-03-06 19:47:01,352.352,__main___datalogs,INFO,JoyConState.PREP_SNS,0.000000,0.000000,0.000000,0.041196,0.000000,-0.004577,0.006866,0.000000,0.000000,0.000000,0.000000,0,0,0,0,0,0,0,0,0,0,0,0.011932373046875,0.000579833984375,0,0,0,0,0,0,0,0,Object notstarted,Object notstarted,Object notstarted,Object notstarted,Object notstarted,Object notstarted,Object notstarted,Object notstarted,Object notstarted
2024-03-06 19:47:01,447.447,__main___datalogs,INFO,JoyConState.PREP_SNS,0.000000,0.000000,0.000000,0.048062,-0.002289,-0.006866,0.000000,0.000000,0.000000,0.000000,0.000000,0,0,0,0,0,0,0,0,0,0,0,0.011932373046875,0.000579833984375,0,0,0,0,0,0,0,0,Object notstarted,Object notstarted,Object notstarted,Object notstarted,Object notstarted,Object notstarted,Object notstarted,Object notstarted,Object notstarted
2024-03-06 19:47:01,543.543,__main___datalogs,INFO,JoyConState.PREP_SNS,0.000000,0.000000,0.000000,0.048062,-0.006866,0.000000,0.004577,0.000000,0.000000,0.000000,0.000000,0,0,0,0,0,0,0,0,0,0,0,0.011932373046875,0.000579833984375,0,0,0,0,0,0,0,0,Object notstarted,Object notstarted,Object notstarted,Object notstarted,Object notstarted,Object notstarted,Object notstarted,Object notstarted,Object notstarted
2024-03-06 19:47:01,639.639,__main___datalogs,INFO,JoyConState.PREP_SNS,0.000000,0.000000,0.000000,0.048062,-0.002289,-0.004577,0.000000,0.000000,0.000000,0.000000,0.000000,0,0,0,0,0,0,0,0,0,0,0,0.011932373046875,0.000579833984375,0,0,0,0,0,0,0,0,Object notstarted,Object notstarted,Object notstarted,Object notstarted,Object notstarted,Object notstarted,Object notstarted,Object notstarted,Object notstarted
2024-03-06 19:47:01,733.733,__main___datalogs,INFO,JoyConState.PREP_SNS,0.000000,0.000000,0.000000,0.041196,-0.006866,-0.004577,0.004577,0.000000,0.000000,0.000000,0.000000,0,0,0,0,0,0,0,0,0,0,0,0.011932373046875,0.000579833984375,0,0,0,0,0,0,0,0,Object notstarted,Object notstarted,Object notstarted,Object notstarted,Object notstarted,Object notstarted,Object notstarted,Object notstarted,Object notstarted
2024-03-06 19:47:01,831.831,__main___datalogs,INFO,JoyConState.PREP_SNS,0.000000,0.000000,0.000000,0.048062,-0.006866,-0.004577,0.000000,0.000000,0.000000,0.000000,0.000000,0,0,0,0,0,0,0,0,0,0,0,0.011932373046875,0.000579833984375,0,0,0,0,0,0,0,0,Object notstarted,Object notstarted,Object notstarted,Object notstarted,Object notstarted,Object notstarted,Object notstarted,Object notstarted,Object notstarted
2024-03-06 19:47:01,925.925,__main___datalogs,INFO,JoyConState.PREP_SNS,0.000000,0.000000,0.000000,0.041196,-0.006866,0.000000,0.004577,0.000000,0.000000,0.000000,0.000000,0,0,0,0,0,0,0,0,0,0,0,0.011932373046875,0.000579833984375,0,0,0,0,0,0,0,0,Object notstarted,Object notstarted,Object notstarted,Object notstarted,Object notstarted,Object notstarted,Object notstarted,Object notstarted,Object notstarted
2024-03-06 19:47:02,024.024,__main___datalogs,INFO,JoyConState.PREP_SNS,0.000000,0.000000,0.000000,0.041196,-0.006866,-0.004577,0.004577,0.000000,0.000000,0.000000,0.000000,0,0,0,0,0,0,0,0,0,0,0,0.011932373046875,0.000579833984375,0,0,0,0,0,0,0,0,Object notstarted,Object notstarted,Object notstarted,Object notstarted,Object notstarted,Object notstarted,Object notstarted,Object notstarted,Object notstarted
2024-03-06 19:47:02,115.115,__main___datalogs,INFO,JoyConState.PREP_SNS,0.000000,0.000000,0.000000,0.041196,-0.006866,0.000000,0.004577,0.000000,0.000000,0.000000,0.000000,0,0,0,0,0,0,0,0,0,0,0,0.011932373046875,0.000579833984375,0,0,0,0,0,0,0,0,Object notstarted,Object notstarted,Object notstarted,Object notstarted,Object notstarted,Object notstarted,Object notstarted,Object notstarted,Object notstarted
2024-03-06 19:47:02,217.217,__main___datalogs,INFO,JoyConState.PREP_SNS,0.000000,0.000000,0.000000,0.048062,-0.002289,-0.004577,0.000000,0.000000,0.000000,0.000000,0.000000,0,0,0,0,0,0,0,0,0,0,0,0.011932373046875,0.000579833984375,0,0,0,0,0,0,0,0,Object notstarted,Object notstarted,Object notstarted,Object notstarted,Object notstarted,Object notstarted,Object notstarted,Object notstarted,Object notstarted
2024-03-06 19:47:02,307.307,__main___datalogs,INFO,JoyConState.PREP_SNS,0.000000,0.000000,0.000000,0.041196,-0.011443,-0.004577,0.004577,0.000000,0.000000,0.000000,0.000000,0,0,0,0,0,0,0,0,0,0,0,0.011932373046875,0.000579833984375,0,0,0,0,0,0,0,0,Object notstarted,Object notstarted,Object notstarted,Object notstarted,Object notstarted,Object notstarted,Object notstarted,Object notstarted,Object notstarted
2024-03-06 19:47:02,409.409,__main___datalogs,INFO,JoyConState.PREP_SNS,0.000000,0.000000,0.000000,0.048062,-0.006866,-0.006866,0.004577,0.000000,0.000000,0.000000,0.000000,0,0,0,0,0,0,0,0,0,0,0,0.011932373046875,0.000579833984375,0,0,0,0,0,0,0,0,Object notstarted,Object notstarted,Object notstarted,Object notstarted,Object notstarted,Object notstarted,Object notstarted,Object notstarted,Object notstarted
2024-03-06 19:47:02,497.497,__main___datalogs,INFO,JoyConState.PREP_SNS,0.000000,0.000000,0.000000,0.050351,-0.002289,-0.004577,0.000000,0.000000,0.000000,0.000000,0.000000,0,0,0,0,0,0,0,0,0,0,0,0.011932373046875,0.000579833984375,0,0,0,0,0,0,0,0,Object notstarted,Object notstarted,Object notstarted,Object notstarted,Object notstarted,Object notstarted,Object notstarted,Object notstarted,Object notstarted
2024-03-06 19:47:02,604.604,__main___datalogs,INFO,JoyConState.PREP_SNS,0.000000,0.000000,0.000000,0.048062,-0.002289,-0.004577,0.000000,0.000000,0.000000,0.000000,0.000000,0,0,0,0,0,0,0,0,0,0,0,0.011932373046875,0.000579833984375,0,0,0,0,0,0,0,0,Object notstarted,Object notstarted,Object notstarted,Object notstarted,Object notstarted,Object notstarted,Object notstarted,Object notstarted,Object notstarted
2024-03-06 19:47:02,690.690,__main___datalogs,INFO,JoyConState.PREP_SNS,0.000000,0.000000,0.000000,0.041196,-0.006866,-0.004577,0.004577,0.000000,0.000000,0.000000,0.000000,0,0,0,0,0,0,0,0,0,0,0,0.011932373046875,0.000579833984375,0,0,0,0,0,0,0,0,Object notstarted,Object notstarted,Object notstarted,Object notstarted,Object notstarted,Object notstarted,Object notstarted,Object notstarted,Object notstarted
2024-03-06 19:47:02,791.791,__main___datalogs,INFO,JoyConState.PREP_SNS,0.000000,0.000000,0.000000,0.048062,-0.006866,-0.004577,0.000000,0.000000,0.000000,0.000000,0.000000,0,0,0,0,0,0,0,0,0,0,0,0.011932373046875,0.000579833984375,0,0,0,0,0,0,0,0,Object notstarted,Object notstarted,Object notstarted,Object notstarted,Object notstarted,Object notstarted,Object notstarted,Object notstarted,Object notstarted
2024-03-06 19:47:02,884.884,__main___datalogs,INFO,JoyConState.PREP_SNS,0.000000,0.000000,0.000000,0.041196,-0.006866,-0.004577,0.004577,0.000000,0.000000,0.000000,0.000000,0,0,0,0,0,0,0,0,0,0,0,0.011932373046875,0.000579833984375,0,0,0,0,0,0,0,0,Object notstarted,Object notstarted,Object notstarted,Object notstarted,Object notstarted,Object notstarted,Object notstarted,Object notstarted,Object notstarted
2024-03-06 19:47:02,984.984,__main___datalogs,INFO,JoyConState.PREP_SNS,0.000000,0.000000,0.000000,0.048062,-0.006866,-0.004577,0.004577,0.000000,0.000000,0.000000,0.000000,0,0,0,0,0,0,0,0,0,0,0,0.011932373046875,0.000579833984375,0,0,0,0,0,0,0,0,Object notstarted,Object notstarted,Object notstarted,Object notstarted,Object notstarted,Object notstarted,Object notstarted,Object notstarted,Object notstarted
2024-03-06 19:47:03,072.072,__main___datalogs,INFO,JoyConState.PREP_SNS,0.000000,0.000000,0.000000,0.041196,-0.002289,-0.004577,0.000000,0.000000,0.000000,0.000000,0.000000,0,0,0,0,0,0,0,0,0,0,0,0.011932373046875,0.000579833984375,0,0,0,0,0,0,0,0,Object notstarted,Object notstarted,Object notstarted,Object notstarted,Object notstarted,Object notstarted,Object notstarted,Object notstarted,Object notstarted
2024-03-06 19:47:03,177.177,__main___datalogs,INFO,JoyConState.PREP_SNS,0.000000,0.000000,0.000000,0.041196,-0.006866,-0.004577,0.004577,0.000000,0.000000,0.000000,0.000000,0,0,0,0,0,0,0,0,0,0,0,0.011932373046875,0.000579833984375,0,0,0,0,0,0,0,0,Object notstarted,Object notstarted,Object notstarted,Object notstarted,Object notstarted,Object notstarted,Object notstarted,Object notstarted,Object notstarted
2024-03-06 19:47:03,267.267,__main___datalogs,INFO,JoyConState.PREP_SNS,0.000000,0.000000,0.000000,0.048062,-0.006866,-0.004577,0.004577,0.000000,0.000000,0.000000,0.000000,0,0,0,0,0,0,0,0,0,0,0,0.011932373046875,0.000579833984375,0,0,0,0,0,0,0,0,Object notstarted,Object notstarted,Object notstarted,Object notstarted,Object notstarted,Object notstarted,Object notstarted,Object notstarted,Object notstarted
2024-03-06 19:47:03,368.368,__main___datalogs,INFO,JoyConState.PREP_SNS,0.000000,0.000000,0.000000,0.041196,-0.002289,-0.004577,0.004577,0.000000,0.000000,0.000000,0.000000,0,0,0,0,0,0,0,0,0,0,0,0.011932373046875,0.000579833984375,0,0,0,0,0,0,0,0,Object notstarted,Object notstarted,Object notstarted,Object notstarted,Object notstarted,Object notstarted,Object notstarted,Object notstarted,Object notstarted
2024-03-06 19:47:03,457.457,__main___datalogs,INFO,JoyConState.PREP_SNS,0.000000,0.000000,0.000000,0.050351,-0.002289,0.000000,-0.004577,0.000000,0.000000,0.000000,0.000000,0,0,0,0,0,0,0,0,0,0,0,0.011932373046875,0.000579833984375,0,0,0,0,0,0,0,0,Object notstarted,Object notstarted,Object notstarted,Object notstarted,Object notstarted,Object notstarted,Object notstarted,Object notstarted,Object notstarted
2024-03-06 19:47:03,557.557,__main___datalogs,INFO,JoyConState.PREP_SNS,0.000000,0.000000,0.000000,0.041196,-0.006866,0.000000,0.004577,0.000000,0.000000,0.000000,0.000000,0,0,0,0,0,0,0,0,0,0,0,0.011932373046875,0.000579833984375,0,0,0,0,0,0,0,0,Object notstarted,Object notstarted,Object notstarted,Object notstarted,Object notstarted,Object notstarted,Object notstarted,Object notstarted,Object notstarted
2024-03-06 19:47:03,650.650,__main___datalogs,INFO,JoyConState.PREP_SNS,0.000000,0.000000,0.000000,0.048062,-0.013732,-0.006866,0.004577,0.000000,0.000000,0.000000,0.000000,0,0,0,0,0,0,0,0,0,0,0,0.011932373046875,0.000579833984375,0,0,0,0,0,0,0,0,Object notstarted,Object notstarted,Object notstarted,Object notstarted,Object notstarted,Object notstarted,Object notstarted,Object notstarted,Object notstarted
2024-03-06 19:47:03,752.752,__main___datalogs,INFO,JoyConState.PREP_SNS,0.000000,0.000000,0.000000,0.048062,-0.002289,0.000000,0.000000,0.000000,0.000000,0.000000,0.000000,0,0,0,0,0,0,0,0,0,0,0,0.011932373046875,0.000579833984375,0,0,0,0,0,0,0,0,Object notstarted,Object notstarted,Object notstarted,Object notstarted,Object notstarted,Object notstarted,Object notstarted,Object notstarted,Object notstarted
2024-03-06 19:47:03,842.842,__main___datalogs,INFO,JoyConState.PREP_SNS,0.000000,0.000000,0.000000,0.048062,-0.006866,-0.004577,0.004577,0.000000,0.000000,0.000000,0.000000,0,0,0,0,0,0,0,0,0,0,0,0.011932373046875,0.000579833984375,0,0,0,0,0,0,0,0,Object notstarted,Object notstarted,Object notstarted,Object notstarted,Object notstarted,Object notstarted,Object notstarted,Object notstarted,Object notstarted
2024-03-06 19:47:03,938.938,__main___datalogs,INFO,JoyConState.PREP_SNS,0.000000,0.000000,0.000000,0.050351,-0.002289,-0.004577,0.000000,0.000000,0.000000,0.000000,0.000000,0,0,0,0,0,0,0,0,0,0,0,0.011932373046875,0.000579833984375,0,0,0,0,0,0,0,0,Object notstarted,Object notstarted,Object notstarted,Object notstarted,Object notstarted,Object notstarted,Object notstarted,Object notstarted,Object notstarted
2024-03-06 19:47:04,034.034,__main___datalogs,INFO,JoyConState.PREP_SNS,0.000000,0.000000,0.000000,0.048062,-0.002289,-0.004577,0.000000,0.000000,0.000000,0.000000,0.000000,0,0,0,0,0,0,0,0,0,0,0,0.011932373046875,0.000579833984375,0,0,0,0,0,0,0,0,Object notstarted,Object notstarted,Object notstarted,Object notstarted,Object notstarted,Object notstarted,Object notstarted,Object notstarted,Object notstarted
2024-03-06 19:47:04,135.135,__main___datalogs,INFO,JoyConState.PREP_SNS,0.000000,0.000000,0.000000,0.041196,-0.002289,-0.004577,0.000000,0.000000,0.000000,0.000000,0.000000,0,0,0,0,0,0,0,0,0,0,0,0.011932373046875,0.000579833984375,0,0,0,0,0,0,0,0,Object notstarted,Object notstarted,Object notstarted,Object notstarted,Object notstarted,Object notstarted,Object notstarted,Object notstarted,Object notstarted
2024-03-06 19:47:04,226.226,__main___datalogs,INFO,JoyConState.PREP_SNS,0.000000,0.000000,0.000000,0.050351,-0.002289,-0.004577,0.004577,0.000000,0.000000,0.000000,0.000000,0,0,0,0,0,0,0,0,0,0,0,0.011932373046875,0.000579833984375,0,0,0,0,0,0,0,0,Object notstarted,Object notstarted,Object notstarted,Object notstarted,Object notstarted,Object notstarted,Object notstarted,Object notstarted,Object notstarted
2024-03-06 19:47:04,325.325,__main___datalogs,INFO,JoyConState.PREP_SNS,0.000000,0.000000,0.000000,0.041196,-0.002289,-0.004577,0.000000,0.000000,0.000000,0.000000,0.000000,0,0,0,0,0,0,0,0,0,0,0,0.011932373046875,0.000579833984375,0,0,0,0,0,0,0,0,Object notstarted,Object notstarted,Object notstarted,Object notstarted,Object notstarted,Object notstarted,Object notstarted,Object notstarted,Object notstarted
2024-03-06 19:47:04,426.426,__main___datalogs,INFO,JoyConState.PREP_SNS,0.000000,0.000000,0.000000,0.048062,-0.006866,0.000000,0.004577,0.000000,0.000000,0.000000,0.000000,0,0,0,0,0,0,0,0,0,0,0,0.011932373046875,0.000579833984375,0,0,0,0,0,0,0,0,Object notstarted,Object notstarted,Object notstarted,Object notstarted,Object notstarted,Object notstarted,Object notstarted,Object notstarted,Object notstarted
2024-03-06 19:47:04,520.520,__main___datalogs,INFO,JoyConState.PREP_SNS,0.000000,0.000000,0.000000,0.041196,-0.002289,-0.004577,0.004577,0.000000,0.000000,0.000000,0.000000,0,0,0,0,0,0,0,0,0,0,0,0.011932373046875,0.000579833984375,0,0,0,0,0,0,0,0,Object notstarted,Object notstarted,Object notstarted,Object notstarted,Object notstarted,Object notstarted,Object notstarted,Object notstarted,Object notstarted
2024-03-06 19:47:04,609.609,__main___datalogs,INFO,JoyConState.PREP_SNS,0.000000,0.000000,0.000000,0.050351,-0.002289,-0.004577,0.004577,0.000000,0.000000,0.000000,0.000000,0,0,0,0,0,0,0,0,0,0,0,0.011932373046875,0.000579833984375,0,0,0,0,0,0,0,0,Object notstarted,Object notstarted,Object notstarted,Object notstarted,Object notstarted,Object notstarted,Object notstarted,Object notstarted,Object notstarted
2024-03-06 19:47:04,709.709,__main___datalogs,INFO,JoyConState.PREP_SNS,0.000000,0.000000,0.000000,0.048062,0.000000,-0.004577,0.004577,0.000000,0.000000,0.000000,0.000000,0,0,0,0,0,0,0,0,0,0,0,0.011932373046875,0.000579833984375,0,0,0,0,0,0,0,0,Object notstarted,Object notstarted,Object notstarted,Object notstarted,Object notstarted,Object notstarted,Object notstarted,Object notstarted,Object notstarted
2024-03-06 19:47:04,800.800,__main___datalogs,INFO,JoyConState.PREP_SNS,0.000000,0.000000,0.000000,0.048062,-0.002289,-0.004577,0.004577,0.000000,0.000000,0.000000,0.000000,0,0,0,0,0,0,0,0,0,0,0,0.011932373046875,0.000579833984375,0,0,0,0,0,0,0,0,Object notstarted,Object notstarted,Object notstarted,Object notstarted,Object notstarted,Object notstarted,Object notstarted,Object notstarted,Object notstarted
2024-03-06 19:47:04,906.906,__main___datalogs,INFO,JoyConState.PREP_SNS,0.000000,0.000000,0.000000,0.048062,-0.011443,-0.004577,0.004577,0.000000,0.000000,0.000000,0.000000,0,0,0,0,0,0,0,0,0,0,0,0.011932373046875,0.000579833984375,0,0,0,0,0,0,0,0,Object notstarted,Object notstarted,Object notstarted,Object notstarted,Object notstarted,Object notstarted,Object notstarted,Object notstarted,Object notstarted
2024-03-06 19:47:05,020.020,__main___datalogs,INFO,JoyConState.PREP_SNS,0.000000,0.000000,0.000000,0.041196,-0.006866,-0.004577,0.000000,0.000000,0.000000,0.000000,0.000000,0,0,0,0,0,0,0,0,0,0,0,0.011932373046875,0.000579833984375,0,0,0,0,0,0,0,0,Object notstarted,Object notstarted,Object notstarted,Object notstarted,Object notstarted,Object notstarted,Object notstarted,Object notstarted,Object notstarted
2024-03-06 19:47:05,135.135,__main___datalogs,INFO,JoyConState.PREP_SNS,0.000000,0.000000,0.000000,0.048062,-0.006866,-0.004577,0.004577,0.000000,0.000000,0.000000,0.000000,0,0,0,0,0,0,0,0,0,0,0,0.011932373046875,0.000579833984375,0,0,0,0,0,0,0,0,Object notstarted,Object notstarted,Object notstarted,Object notstarted,Object notstarted,Object notstarted,Object notstarted,Object notstarted,Object notstarted
2024-03-06 19:47:05,244.244,__main___datalogs,INFO,JoyConState.PREP_SNS,0.000000,0.000000,0.000000,0.048062,-0.006866,-0.004577,0.004577,0.000000,0.000000,0.000000,0.000000,0,0,0,0,0,0,0,0,0,0,0,0.011932373046875,0.000579833984375,0,0,0,0,0,0,0,0,Object notstarted,Object notstarted,Object notstarted,Object notstarted,Object notstarted,Object notstarted,Object notstarted,Object notstarted,Object notstarted
2024-03-06 19:47:05,362.362,__main___datalogs,INFO,JoyConState.PREP_SNS,0.000000,0.000000,0.000000,0.048062,-0.002289,-0.004577,0.000000,0.000000,0.000000,0.000000,0.000000,0,0,0,0,0,0,0,0,0,0,0,0.011932373046875,0.000579833984375,0,0,0,0,0,0,0,0,Object notstarted,Object notstarted,Object notstarted,Object notstarted,Object notstarted,Object notstarted,Object notstarted,Object notstarted,Object notstarted
2024-03-06 19:47:05,467.467,__main___datalogs,INFO,JoyConState.PREP_SNS,0.000000,0.000000,0.000000,0.048062,-0.006866,0.000000,0.004577,0.000000,0.000000,0.000000,0.000000,0,0,0,0,0,0,0,0,0,0,0,0.011932373046875,0.000579833984375,0,0,0,0,0,0,0,0,Object notstarted,Object notstarted,Object notstarted,Object notstarted,Object notstarted,Object notstarted,Object notstarted,Object notstarted,Object notstarted
2024-03-06 19:47:05,579.579,__main___datalogs,INFO,JoyConState.PREP_SNS,0.000000,0.000000,0.000000,0.048062,-0.002289,0.000000,0.000000,0.000000,0.000000,0.000000,0.000000,0,0,0,0,0,0,0,0,0,0,0,0.011932373046875,0.000579833984375,0,0,0,0,0,0,0,0,Object notstarted,Object notstarted,Object notstarted,Object notstarted,Object notstarted,Object notstarted,Object notstarted,Object notstarted,Object notstarted
2024-03-06 19:47:05,695.695,__main___datalogs,INFO,JoyConState.PREP_SNS,0.000000,0.000000,0.000000,0.048062,-0.006866,-0.004577,0.000000,0.000000,0.000000,0.000000,0.000000,0,0,0,0,0,0,0,0,0,0,0,0.011932373046875,0.000579833984375,0,0,0,0,0,0,0,0,Object notstarted,Object notstarted,Object notstarted,Object notstarted,Object notstarted,Object notstarted,Object notstarted,Object notstarted,Object notstarted
2024-03-06 19:47:05,806.806,__main___datalogs,INFO,JoyConState.PREP_SNS,0.000000,0.000000,0.000000,0.041196,-0.002289,-0.004577,0.004577,0.000000,0.000000,0.000000,0.000000,0,0,0,0,0,0,0,0,0,0,0,0.011932373046875,0.000579833984375,0,0,0,0,0,0,0,0,Object notstarted,Object notstarted,Object notstarted,Object notstarted,Object notstarted,Object notstarted,Object notstarted,Object notstarted,Object notstarted
2024-03-06 19:47:05,915.915,__main___datalogs,INFO,JoyConState.PREP_SNS,0.000000,0.000000,0.000000,0.048062,-0.006866,-0.004577,0.004577,0.000000,0.000000,0.000000,0.000000,0,0,0,0,0,0,0,0,0,0,0,0.011932373046875,0.000579833984375,0,0,0,0,0,0,0,0,Object notstarted,Object notstarted,Object notstarted,Object notstarted,Object notstarted,Object notstarted,Object notstarted,Object notstarted,Object notstarted
2024-03-06 19:47:06,031.031,__main___datalogs,INFO,JoyConState.PREP_SNS,0.000000,0.000000,0.000000,0.041196,-0.006866,-0.004577,0.004577,0.000000,0.000000,0.000000,0.000000,0,0,0,0,0,0,0,0,0,0,0,0.011932373046875,0.000579833984375,0,0,0,0,0,0,0,0,Object notstarted,Object notstarted,Object notstarted,Object notstarted,Object notstarted,Object notstarted,Object notstarted,Object notstarted,Object notstarted
2024-03-06 19:47:06,141.141,__main___datalogs,INFO,JoyConState.PREP_SNS,0.000000,0.000000,0.000000,0.041196,-0.006866,-0.004577,0.004577,0.000000,0.000000,0.000000,0.000000,0,0,0,0,0,0,0,0,0,0,0,0.011932373046875,0.000579833984375,0,0,0,0,0,0,0,0,Object notstarted,Object notstarted,Object notstarted,Object notstarted,Object notstarted,Object notstarted,Object notstarted,Object notstarted,Object notstarted
2024-03-06 19:47:06,258.258,__main___datalogs,INFO,JoyConState.PREP_SNS,0.000000,0.000000,0.000000,0.041196,0.000000,-0.004577,0.004577,0.000000,0.000000,0.000000,0.000000,0,0,0,0,0,0,0,0,0,0,0,0.011932373046875,0.000579833984375,0,0,0,0,0,0,0,0,Object notstarted,Object notstarted,Object notstarted,Object notstarted,Object notstarted,Object notstarted,Object notstarted,Object notstarted,Object notstarted
2024-03-06 19:47:06,392.392,__main___datalogs,INFO,JoyConState.PREP_SNS,0.000000,0.000000,0.000000,0.041196,-0.002289,-0.004577,0.006866,0.000000,0.000000,0.000000,0.000000,0,0,0,0,0,0,0,0,0,0,0,0.011932373046875,0.000579833984375,0,0,0,0,0,0,0,0,Object notstarted,Object notstarted,Object notstarted,Object notstarted,Object notstarted,Object notstarted,Object notstarted,Object notstarted,Object notstarted
2024-03-06 19:47:06,497.497,__main___datalogs,INFO,JoyConState.PREP_SNS,0.000000,0.000000,0.000000,0.050351,-0.002289,-0.004577,0.004577,0.000000,0.000000,0.000000,0.000000,0,0,0,0,0,0,0,0,0,0,0,0.011932373046875,0.000579833984375,0,0,0,0,0,0,0,0,Object notstarted,Object notstarted,Object notstarted,Object notstarted,Object notstarted,Object notstarted,Object notstarted,Object notstarted,Object notstarted
2024-03-06 19:47:06,606.606,__main___datalogs,INFO,JoyConState.PREP_SNS,0.000000,0.000000,0.000000,0.048062,-0.006866,-0.004577,0.000000,0.000000,0.000000,0.000000,0.000000,0,0,0,0,0,0,0,0,0,0,0,0.011932373046875,0.000579833984375,0,0,0,0,0,0,0,0,Object notstarted,Object notstarted,Object notstarted,Object notstarted,Object notstarted,Object notstarted,Object notstarted,Object notstarted,Object notstarted
2024-03-06 19:47:06,715.715,__main___datalogs,INFO,JoyConState.PREP_SNS,0.000000,0.000000,0.000000,0.041196,-0.002289,-0.004577,0.004577,0.000000,0.000000,0.000000,0.000000,0,0,0,0,0,0,0,0,0,0,0,0.011932373046875,0.000579833984375,0,0,0,0,0,0,0,0,Object notstarted,Object notstarted,Object notstarted,Object notstarted,Object notstarted,Object notstarted,Object notstarted,Object notstarted,Object notstarted
2024-03-06 19:47:06,828.828,__main___datalogs,INFO,JoyConState.PREP_SNS,0.000000,0.000000,0.000000,0.041196,0.000000,-0.004577,0.004577,0.000000,0.000000,0.000000,0.000000,0,0,0,0,0,0,0,0,0,0,0,0.011932373046875,0.000579833984375,0,0,0,0,0,0,0,0,Object notstarted,Object notstarted,Object notstarted,Object notstarted,Object notstarted,Object notstarted,Object notstarted,Object notstarted,Object notstarted
2024-03-06 19:47:06,944.944,__main___datalogs,INFO,JoyConState.PREP_SNS,0.000000,0.000000,0.000000,0.048062,-0.002289,-0.004577,0.004577,0.000000,0.000000,0.000000,0.000000,0,0,0,0,0,0,0,0,0,0,0,0.011932373046875,0.000579833984375,0,0,0,0,0,0,0,0,Object notstarted,Object notstarted,Object notstarted,Object notstarted,Object notstarted,Object notstarted,Object notstarted,Object notstarted,Object notstarted
2024-03-06 19:47:07,051.051,__main___datalogs,INFO,JoyConState.PREP_SNS,0.000000,0.000000,0.000000,0.041196,-0.002289,-0.004577,0.006866,0.000000,0.000000,0.000000,0.000000,0,0,0,0,0,0,0,0,0,0,0,0.011932373046875,0.000579833984375,0,0,0,0,0,0,0,0,Object notstarted,Object notstarted,Object notstarted,Object notstarted,Object notstarted,Object notstarted,Object notstarted,Object notstarted,Object notstarted
2024-03-06 19:47:07,175.175,__main___datalogs,INFO,JoyConState.PREP_SNS,0.000000,0.000000,0.000000,0.041196,-0.002289,-0.004577,0.006866,0.000000,0.000000,0.000000,0.000000,0,0,0,0,0,0,0,0,0,0,0,0.011932373046875,0.000579833984375,0,0,0,0,0,0,0,0,Object notstarted,Object notstarted,Object notstarted,Object notstarted,Object notstarted,Object notstarted,Object notstarted,Object notstarted,Object notstarted
2024-03-06 19:47:07,303.303,__main___datalogs,INFO,JoyConState.PREP_SNS,0.000000,0.000000,0.000000,0.048062,-0.002289,-0.006866,0.004577,0.000000,0.000000,0.000000,0.000000,0,0,0,0,0,0,0,0,0,0,0,0.011932373046875,0.000579833984375,0,0,0,0,0,0,0,0,Object notstarted,Object notstarted,Object notstarted,Object notstarted,Object notstarted,Object notstarted,Object notstarted,Object notstarted,Object notstarted
2024-03-06 19:47:07,434.434,__main___datalogs,INFO,JoyConState.PREP_SNS,0.000000,0.000000,0.000000,0.048062,-0.002289,-0.006866,0.004577,0.000000,0.000000,0.000000,0.000000,0,0,0,0,0,0,0,0,0,0,0,0.011932373046875,0.000579833984375,0,0,0,0,0,0,0,0,Object notstarted,Object notstarted,Object notstarted,Object notstarted,Object notstarted,Object notstarted,Object notstarted,Object notstarted,Object notstarted
2024-03-06 19:47:07,557.557,__main___datalogs,INFO,JoyConState.PREP_SNS,0.000000,0.000000,0.000000,0.048062,-0.002289,-0.004577,0.000000,0.000000,0.000000,0.000000,0.000000,0,0,0,0,0,0,0,0,0,0,0,0.011932373046875,0.000579833984375,0,0,0,0,0,0,0,0,Object notstarted,Object notstarted,Object notstarted,Object notstarted,Object notstarted,Object notstarted,Object notstarted,Object notstarted,Object notstarted
2024-03-06 19:47:07,661.661,__main___datalogs,INFO,JoyConState.PREP_SNS,0.000000,0.000000,0.000000,0.041196,-0.006866,0.000000,0.004577,0.000000,0.000000,0.000000,0.000000,0,0,0,0,0,0,0,0,0,0,0,0.011932373046875,0.000579833984375,0,0,0,0,0,0,0,0,Object notstarted,Object notstarted,Object notstarted,Object notstarted,Object notstarted,Object notstarted,Object notstarted,Object notstarted,Object notstarted
2024-03-06 19:47:07,770.770,__main___datalogs,INFO,JoyConState.PREP_SNS,0.000000,0.000000,0.000000,0.041196,-0.002289,-0.004577,0.004577,0.000000,0.000000,0.000000,0.000000,0,0,0,0,0,0,0,0,0,0,0,0.011932373046875,0.000579833984375,0,0,0,0,0,0,0,0,Object notstarted,Object notstarted,Object notstarted,Object notstarted,Object notstarted,Object notstarted,Object notstarted,Object notstarted,Object notstarted
2024-03-06 19:47:07,887.887,__main___datalogs,INFO,JoyConState.PREP_SNS,0.000000,0.000000,0.000000,0.041196,-0.002289,-0.004577,0.006866,0.000000,0.000000,0.000000,0.000000,0,0,0,0,0,0,0,0,0,0,0,0.011932373046875,0.000579833984375,0,0,0,0,0,0,0,0,Object notstarted,Object notstarted,Object notstarted,Object notstarted,Object notstarted,Object notstarted,Object notstarted,Object notstarted,Object notstarted
2024-03-06 19:47:07,992.992,__main___datalogs,INFO,JoyConState.PREP_SNS,0.000000,0.000000,0.000000,0.048062,-0.002289,-0.004577,0.004577,0.000000,0.000000,0.000000,0.000000,0,0,0,0,0,0,0,0,0,0,0,0.011932373046875,0.000579833984375,0,0,0,0,0,0,0,0,Object notstarted,Object notstarted,Object notstarted,Object notstarted,Object notstarted,Object notstarted,Object notstarted,Object notstarted,Object notstarted
2024-03-06 19:47:08,110.110,__main___datalogs,INFO,JoyConState.PREP_SNS,0.000000,0.000000,0.000000,0.041196,-0.002289,0.000000,0.000000,0.000000,0.000000,0.000000,0.000000,0,0,0,0,0,0,0,0,0,0,0,0.011932373046875,0.000579833984375,0,0,0,0,0,0,0,0,Object notstarted,Object notstarted,Object notstarted,Object notstarted,Object notstarted,Object notstarted,Object notstarted,Object notstarted,Object notstarted
2024-03-06 19:47:08,219.219,__main___datalogs,INFO,JoyConState.PREP_SNS,0.000000,0.000000,0.000000,0.041196,-0.006866,0.000000,0.000000,0.000000,0.000000,0.000000,0.000000,0,0,0,0,0,0,0,0,0,0,0,0.011932373046875,0.000579833984375,0,0,0,0,0,0,0,0,Object notstarted,Object notstarted,Object notstarted,Object notstarted,Object notstarted,Object notstarted,Object notstarted,Object notstarted,Object notstarted
2024-03-06 19:47:08,344.344,__main___datalogs,INFO,JoyConState.PREP_SNS,0.000000,0.000000,0.000000,0.048062,-0.006866,0.000000,0.000000,0.000000,0.000000,0.000000,0.000000,0,0,0,0,0,0,0,0,0,0,0,0.011932373046875,0.000579833984375,0,0,0,0,0,0,0,0,Object notstarted,Object notstarted,Object notstarted,Object notstarted,Object notstarted,Object notstarted,Object notstarted,Object notstarted,Object notstarted
